service_code,journey_pattern_id,destination_display,source_file
PK0003436:5,JP1,Westway Common (opp) Caterham,404-21-404-_-y05-2_1.xml
PK0003436:5,JP2,Westway Common (opp) Caterham,404-21-404-_-y05-2_1.xml
PK0003436:5,JP3,Westway Common (opp) Caterham,404-21-404-_-y05-2_1.xml
PK0003436:5,JP4,Westway Common (opp) Caterham,404-21-404-_-y05-2_1.xml
PK0003436:5,JP5,Crawford Crescent (->S) Coulsdon,404-21-404-_-y05-2_1.xml
PK0003436:5,JP6,Crawford Crescent (->S) Coulsdon,404-21-404-_-y05-2_1.xml
PK0003436:5,JP7,Crawford Crescent (->S) Coulsdon,404-21-404-_-y05-2_1.xml
PK0003436:5,JP8,Crawford Crescent (->S) Coulsdon,404-21-404-_-y05-2_1.xml
PK0003436:5,JP9,Crawford Crescent (->S) Coulsdon,404-21-404-_-y05-2_1.xml
PK0003436:5,JP10,Crawford Crescent (->S) Coulsdon,404-21-404-_-y05-2_1.xml
PK0003436:5,JP11,Westway Common (opp) Caterham,404-21-404-_-y05-2_1.xml
PK0003436:5,JP12,Westway Common (opp) Caterham,404-21-404-_-y05-2_1.xml
PK0003436:5,JP13,Westway Common (opp) Caterham,404-21-404-_-y05-2_1.xml
PK0003436:5,JP14,Westway Common (opp) Caterham,404-21-404-_-y05-2_1.xml
PK0003436:5,JP15,Crawford Crescent (->S) Coulsdon,404-21-404-_-y05-2_1.xml
PK0003436:5,JP16,Crawford Crescent (->S) Coulsdon,404-21-404-_-y05-2_1.xml
PK0003436:5,JP17,Westway Common (opp) Caterham,404-21-404-_-y05-2_1.xml
PK0003436:5,JP18,Crawford Crescent (->S) Coulsdon,404-21-404-_-y05-2_1.xml
PK0003436:5,JP19,Crawford Crescent (->S) Coulsdon,404-21-404-_-y05-2_1.xml
UZ000ABLO:404,JP_21-404-_-y05-6-5-I-1,Coulsdon,tfl_21-404-_-y05-6_qyPH39c.xml
UZ000ABLO:404,JP_21-404-_-y05-6-6-I-1,Coulsdon,tfl_21-404-_-y05-6_qyPH39c.xml
UZ000ABLO:404,JP_21-404-_-y05-6-7-I-1,Coulsdon,tfl_21-404-_-y05-6_qyPH39c.xml
UZ000ABLO:404,JP_21-404-_-y05-6-8-I-1,Coulsdon,tfl_21-404-_-y05-6_qyPH39c.xml
UZ000ABLO:404,JP_21-404-_-y05-6-9-I-1,Coulsdon,tfl_21-404-_-y05-6_qyPH39c.xml
UZ000ABLO:404,JP_21-404-_-y05-6-10-I-1,Coulsdon,tfl_21-404-_-y05-6_qyPH39c.xml
UZ000ABLO:404,JP_21-404-_-y05-6-6-O-2,Caterham,tfl_21-404-_-y05-6_qyPH39c.xml
UZ000ABLO:404,JP_21-404-_-y05-6-7-O-2,Caterham,tfl_21-404-_-y05-6_qyPH39c.xml
UZ000ABLO:404,JP_21-404-_-y05-6-8-O-2,Caterham,tfl_21-404-_-y05-6_qyPH39c.xml
UZ000ABLO:404,JP_21-404-_-y05-6-9-O-2,Caterham,tfl_21-404-_-y05-6_qyPH39c.xml
UZ000ABLO:404,JP_21-404-_-y05-6-1-I-1,Coulsdon,tfl_21-404-_-y05-6_qyPH39c.xml
UZ000ABLO:404,JP_21-404-_-y05-6-4-I-1,Coulsdon,tfl_21-404-_-y05-6_qyPH39c.xml
UZ000ABLO:404,JP_21-404-_-y05-6-1-O-2,Caterham,tfl_21-404-_-y05-6_qyPH39c.xml
UZ000ABLO:404,JP_21-404-_-y05-6-2-O-2,Caterham,tfl_21-404-_-y05-6_qyPH39c.xml
UZ000ABLO:404,JP_21-404-_-y05-6-4-O-2,Caterham,tfl_21-404-_-y05-6_qyPH39c.xml
UZ000ABLO:404,JP_21-404-_-y05-6-5-O-2,Caterham,tfl_21-404-_-y05-6_qyPH39c.xml
UZ000ABLO:404,JP_21-404-_-y05-6-2-I-1,Coulsdon,tfl_21-404-_-y05-6_qyPH39c.xml
UZ000ABLO:404,JP_21-404-_-y05-6-3-I-1,Coulsdon,tfl_21-404-_-y05-6_qyPH39c.xml
UZ000ABLO:404,JP_21-404-_-y05-6-3-O-2,Caterham,tfl_21-404-_-y05-6_qyPH39c.xml
UZ000ABLO:404,JP_21-404-_-y05-7-1-I-1,Coulsdon,tfl_21-404-_-y05-7.xml
UZ000ABLO:404,JP_21-404-_-y05-7-4-I-1,Coulsdon,tfl_21-404-_-y05-7.xml
UZ000ABLO:404,JP_21-404-_-y05-7-5-I-1,Coulsdon,tfl_21-404-_-y05-7.xml
UZ000ABLO:404,JP_21-404-_-y05-7-1-O-2,Caterham,tfl_21-404-_-y05-7.xml
UZ000ABLO:404,JP_21-404-_-y05-7-2-O-2,Caterham,tfl_21-404-_-y05-7.xml
UZ000ABLO:404,JP_21-404-_-y05-7-4-O-2,Caterham,tfl_21-404-_-y05-7.xml
UZ000ABLO:404,JP_21-404-_-y05-7-5-O-2,Caterham,tfl_21-404-_-y05-7.xml
UZ000ABLO:404,JP_21-404-_-y05-7-6-O-2,Caterham,tfl_21-404-_-y05-7.xml
UZ000ABLO:404,JP_21-404-_-y05-7-2-I-1,Coulsdon,tfl_21-404-_-y05-7.xml
UZ000ABLO:404,JP_21-404-_-y05-7-3-I-1,Coulsdon,tfl_21-404-_-y05-7.xml
UZ000ABLO:404,JP_21-404-_-y05-7-3-O-2,Caterham,tfl_21-404-_-y05-7.xml
UZ000ABLO:404,JP_21-404-_-y05-7-6-I-1,Coulsdon,tfl_21-404-_-y05-7.xml
UZ000ABLO:404,JP_21-404-_-y05-7-7-I-1,Coulsdon,tfl_21-404-_-y05-7.xml
UZ000ABLO:404,JP_21-404-_-y05-7-8-I-1,Coulsdon,tfl_21-404-_-y05-7.xml
UZ000ABLO:404,JP_21-404-_-y05-7-9-I-1,Coulsdon,tfl_21-404-_-y05-7.xml
UZ000ABLO:404,JP_21-404-_-y05-7-10-I-1,Coulsdon,tfl_21-404-_-y05-7.xml
UZ000ABLO:404,JP_21-404-_-y05-7-7-O-2,Caterham,tfl_21-404-_-y05-7.xml
UZ000ABLO:404,JP_21-404-_-y05-7-8-O-2,Caterham,tfl_21-404-_-y05-7.xml
UZ000ABLO:404,JP_21-404-_-y05-7-9-O-2,Caterham,tfl_21-404-_-y05-7.xml
PK0003436:2,JP_21-407-_-y05-11-4-I-1,Sutton (London),tfl_21-407-_-y05-11_HygcEjI.xml
PK0003436:2,JP_21-407-_-y05-11-6-I-1,Sutton (London),tfl_21-407-_-y05-11_HygcEjI.xml
PK0003436:2,JP_21-407-_-y05-11-9-I-1,Sutton (London),tfl_21-407-_-y05-11_HygcEjI.xml
PK0003436:2,JP_21-407-_-y05-11-10-I-1,Sutton (London),tfl_21-407-_-y05-11_HygcEjI.xml
PK0003436:2,JP_21-407-_-y05-11-13-I-1,Sutton (London),tfl_21-407-_-y05-11_HygcEjI.xml
PK0003436:2,JP_21-407-_-y05-11-14-I-1,Sutton (London),tfl_21-407-_-y05-11_HygcEjI.xml
PK0003436:2,JP_21-407-_-y05-11-16-I-1,Sutton (London),tfl_21-407-_-y05-11_HygcEjI.xml
PK0003436:2,JP_21-407-_-y05-11-19-I-1,Sutton (London),tfl_21-407-_-y05-11_HygcEjI.xml
PK0003436:2,JP_21-407-_-y05-11-20-I-1,Sutton (London),tfl_21-407-_-y05-11_HygcEjI.xml
PK0003436:2,JP_21-407-_-y05-11-21-I-1,Sutton (London),tfl_21-407-_-y05-11_HygcEjI.xml
PK0003436:2,JP_21-407-_-y05-11-23-I-1,Sutton (London),tfl_21-407-_-y05-11_HygcEjI.xml
PK0003436:2,JP_21-407-_-y05-11-28-I-1,Sutton (London),tfl_21-407-_-y05-11_HygcEjI.xml
PK0003436:2,JP_21-407-_-y05-11-29-I-1,Sutton (London),tfl_21-407-_-y05-11_HygcEjI.xml
PK0003436:2,JP_21-407-_-y05-11-30-I-1,Sutton (London),tfl_21-407-_-y05-11_HygcEjI.xml
PK0003436:2,JP_21-407-_-y05-11-31-I-1,Sutton (London),tfl_21-407-_-y05-11_HygcEjI.xml
PK0003436:2,JP_21-407-_-y05-11-35-I-1,Sutton (London),tfl_21-407-_-y05-11_HygcEjI.xml
PK0003436:2,JP_21-407-_-y05-11-39-I-1,Sutton (London),tfl_21-407-_-y05-11_HygcEjI.xml
PK0003436:2,JP_21-407-_-y05-11-40-I-1,Sutton (London),tfl_21-407-_-y05-11_HygcEjI.xml
PK0003436:2,JP_21-407-_-y05-11-45-I-1,Sutton (London),tfl_21-407-_-y05-11_HygcEjI.xml
PK0003436:2,JP_21-407-_-y05-11-48-I-1,Sutton (London),tfl_21-407-_-y05-11_HygcEjI.xml
PK0003436:2,JP_21-407-_-y05-11-50-I-1,Sutton (London),tfl_21-407-_-y05-11_HygcEjI.xml
PK0003436:2,JP_21-407-_-y05-11-52-I-1,Sutton (London),tfl_21-407-_-y05-11_HygcEjI.xml
PK0003436:2,JP_21-407-_-y05-11-53-I-1,Sutton (London),tfl_21-407-_-y05-11_HygcEjI.xml
PK0003436:2,JP_21-407-_-y05-11-54-I-1,Sutton (London),tfl_21-407-_-y05-11_HygcEjI.xml
PK0003436:2,JP_21-407-_-y05-11-55-I-1,Sutton (London),tfl_21-407-_-y05-11_HygcEjI.xml
PK0003436:2,JP_21-407-_-y05-11-56-I-1,Sutton (London),tfl_21-407-_-y05-11_HygcEjI.xml
PK0003436:2,JP_21-407-_-y05-11-62-I-1,Sutton (London),tfl_21-407-_-y05-11_HygcEjI.xml
PK0003436:2,JP_21-407-_-y05-11-67-I-1,Sutton (London),tfl_21-407-_-y05-11_HygcEjI.xml
PK0003436:2,JP_21-407-_-y05-11-69-I-1,Sutton (London),tfl_21-407-_-y05-11_HygcEjI.xml
PK0003436:2,JP_21-407-_-y05-11-75-I-1,Sutton (London),tfl_21-407-_-y05-11_HygcEjI.xml
PK0003436:2,JP_21-407-_-y05-11-76-I-1,Sutton (London),tfl_21-407-_-y05-11_HygcEjI.xml
PK0003436:2,JP_21-407-_-y05-11-77-I-1,Sutton (London),tfl_21-407-_-y05-11_HygcEjI.xml
PK0003436:2,JP_21-407-_-y05-11-89-I-1,Sutton (London),tfl_21-407-_-y05-11_HygcEjI.xml
PK0003436:2,JP_21-407-_-y05-11-90-I-1,Sutton (London),tfl_21-407-_-y05-11_HygcEjI.xml
PK0003436:2,JP_21-407-_-y05-11-91-I-1,Sutton (London),tfl_21-407-_-y05-11_HygcEjI.xml
PK0003436:2,JP_21-407-_-y05-11-92-I-1,Sutton (London),tfl_21-407-_-y05-11_HygcEjI.xml
PK0003436:2,JP_21-407-_-y05-11-105-I-1,Sutton (London),tfl_21-407-_-y05-11_HygcEjI.xml
PK0003436:2,JP_21-407-_-y05-11-106-I-1,Sutton (London),tfl_21-407-_-y05-11_HygcEjI.xml
PK0003436:2,JP_21-407-_-y05-11-107-I-1,Sutton (London),tfl_21-407-_-y05-11_HygcEjI.xml
PK0003436:2,JP_21-407-_-y05-11-108-I-1,Sutton (London),tfl_21-407-_-y05-11_HygcEjI.xml
PK0003436:2,JP_21-407-_-y05-11-109-I-1,Sutton (London),tfl_21-407-_-y05-11_HygcEjI.xml
PK0003436:2,JP_21-407-_-y05-11-110-I-1,Sutton (London),tfl_21-407-_-y05-11_HygcEjI.xml
PK0003436:2,JP_21-407-_-y05-11-111-I-1,Sutton (London),tfl_21-407-_-y05-11_HygcEjI.xml
PK0003436:2,JP_21-407-_-y05-11-112-I-1,Sutton (London),tfl_21-407-_-y05-11_HygcEjI.xml
PK0003436:2,JP_21-407-_-y05-11-113-I-1,Sutton (London),tfl_21-407-_-y05-11_HygcEjI.xml
PK0003436:2,JP_21-407-_-y05-11-115-I-1,Sutton (London),tfl_21-407-_-y05-11_HygcEjI.xml
PK0003436:2,JP_21-407-_-y05-11-117-I-1,Sutton (London),tfl_21-407-_-y05-11_HygcEjI.xml
PK0003436:2,JP_21-407-_-y05-11-118-I-1,Sutton (London),tfl_21-407-_-y05-11_HygcEjI.xml
PK0003436:2,JP_21-407-_-y05-11-119-I-1,Sutton (London),tfl_21-407-_-y05-11_HygcEjI.xml
PK0003436:2,JP_21-407-_-y05-11-120-I-1,Sutton (London),tfl_21-407-_-y05-11_HygcEjI.xml
PK0003436:2,JP_21-407-_-y05-11-121-I-1,Sutton (London),tfl_21-407-_-y05-11_HygcEjI.xml
PK0003436:2,JP_21-407-_-y05-11-122-I-1,Sutton (London),tfl_21-407-_-y05-11_HygcEjI.xml
PK0003436:2,JP_21-407-_-y05-11-128-I-1,Sutton (London),tfl_21-407-_-y05-11_HygcEjI.xml
PK0003436:2,JP_21-407-_-y05-11-130-I-1,Sutton (London),tfl_21-407-_-y05-11_HygcEjI.xml
PK0003436:2,JP_21-407-_-y05-11-131-I-1,Sutton (London),tfl_21-407-_-y05-11_HygcEjI.xml
PK0003436:2,JP_21-407-_-y05-11-134-I-1,Sutton (London),tfl_21-407-_-y05-11_HygcEjI.xml
PK0003436:2,JP_21-407-_-y05-11-135-I-1,Sutton (London),tfl_21-407-_-y05-11_HygcEjI.xml
PK0003436:2,JP_21-407-_-y05-11-136-I-1,Sutton (London),tfl_21-407-_-y05-11_HygcEjI.xml
PK0003436:2,JP_21-407-_-y05-11-137-I-1,Sutton (London),tfl_21-407-_-y05-11_HygcEjI.xml
PK0003436:2,JP_21-407-_-y05-11-138-I-1,Sutton (London),tfl_21-407-_-y05-11_HygcEjI.xml
PK0003436:2,JP_21-407-_-y05-11-139-I-1,Sutton (London),tfl_21-407-_-y05-11_HygcEjI.xml
PK0003436:2,JP_21-407-_-y05-11-140-I-1,Sutton (London),tfl_21-407-_-y05-11_HygcEjI.xml
PK0003436:2,JP_21-407-_-y05-11-141-I-1,Sutton (London),tfl_21-407-_-y05-11_HygcEjI.xml
PK0003436:2,JP_21-407-_-y05-11-6-O-2,Caterham,tfl_21-407-_-y05-11_HygcEjI.xml
PK0003436:2,JP_21-407-_-y05-11-7-O-2,Caterham,tfl_21-407-_-y05-11_HygcEjI.xml
PK0003436:2,JP_21-407-_-y05-11-8-O-2,Caterham,tfl_21-407-_-y05-11_HygcEjI.xml
PK0003436:2,JP_21-407-_-y05-11-12-O-2,Caterham,tfl_21-407-_-y05-11_HygcEjI.xml
PK0003436:2,JP_21-407-_-y05-11-16-O-2,Caterham,tfl_21-407-_-y05-11_HygcEjI.xml
PK0003436:2,JP_21-407-_-y05-11-17-O-2,Caterham,tfl_21-407-_-y05-11_HygcEjI.xml
PK0003436:2,JP_21-407-_-y05-11-18-O-2,Caterham,tfl_21-407-_-y05-11_HygcEjI.xml
PK0003436:2,JP_21-407-_-y05-11-23-O-2,Caterham,tfl_21-407-_-y05-11_HygcEjI.xml
PK0003436:2,JP_21-407-_-y05-11-24-O-2,Caterham,tfl_21-407-_-y05-11_HygcEjI.xml
PK0003436:2,JP_21-407-_-y05-11-25-O-2,Caterham,tfl_21-407-_-y05-11_HygcEjI.xml
PK0003436:2,JP_21-407-_-y05-11-26-O-2,Caterham,tfl_21-407-_-y05-11_HygcEjI.xml
PK0003436:2,JP_21-407-_-y05-11-29-O-2,Caterham,tfl_21-407-_-y05-11_HygcEjI.xml
PK0003436:2,JP_21-407-_-y05-11-30-O-2,Caterham,tfl_21-407-_-y05-11_HygcEjI.xml
PK0003436:2,JP_21-407-_-y05-11-37-O-2,Caterham,tfl_21-407-_-y05-11_HygcEjI.xml
PK0003436:2,JP_21-407-_-y05-11-39-O-2,Caterham,tfl_21-407-_-y05-11_HygcEjI.xml
PK0003436:2,JP_21-407-_-y05-11-40-O-2,Caterham,tfl_21-407-_-y05-11_HygcEjI.xml
PK0003436:2,JP_21-407-_-y05-11-41-O-2,Caterham,tfl_21-407-_-y05-11_HygcEjI.xml
PK0003436:2,JP_21-407-_-y05-11-42-O-2,Caterham,tfl_21-407-_-y05-11_HygcEjI.xml
PK0003436:2,JP_21-407-_-y05-11-50-O-2,Caterham,tfl_21-407-_-y05-11_HygcEjI.xml
PK0003436:2,JP_21-407-_-y05-11-52-O-2,Caterham,tfl_21-407-_-y05-11_HygcEjI.xml
PK0003436:2,JP_21-407-_-y05-11-55-O-2,Caterham,tfl_21-407-_-y05-11_HygcEjI.xml
PK0003436:2,JP_21-407-_-y05-11-56-O-2,Caterham,tfl_21-407-_-y05-11_HygcEjI.xml
PK0003436:2,JP_21-407-_-y05-11-57-O-2,Caterham,tfl_21-407-_-y05-11_HygcEjI.xml
PK0003436:2,JP_21-407-_-y05-11-58-O-2,Caterham,tfl_21-407-_-y05-11_HygcEjI.xml
PK0003436:2,JP_21-407-_-y05-11-59-O-2,Caterham,tfl_21-407-_-y05-11_HygcEjI.xml
PK0003436:2,JP_21-407-_-y05-11-60-O-2,Caterham,tfl_21-407-_-y05-11_HygcEjI.xml
PK0003436:2,JP_21-407-_-y05-11-61-O-2,Caterham,tfl_21-407-_-y05-11_HygcEjI.xml
PK0003436:2,JP_21-407-_-y05-11-73-O-2,Caterham,tfl_21-407-_-y05-11_HygcEjI.xml
PK0003436:2,JP_21-407-_-y05-11-75-O-2,Caterham,tfl_21-407-_-y05-11_HygcEjI.xml
PK0003436:2,JP_21-407-_-y05-11-76-O-2,Caterham,tfl_21-407-_-y05-11_HygcEjI.xml
PK0003436:2,JP_21-407-_-y05-11-82-O-2,Caterham,tfl_21-407-_-y05-11_HygcEjI.xml
PK0003436:2,JP_21-407-_-y05-11-84-O-2,Caterham,tfl_21-407-_-y05-11_HygcEjI.xml
PK0003436:2,JP_21-407-_-y05-11-85-O-2,Caterham,tfl_21-407-_-y05-11_HygcEjI.xml
PK0003436:2,JP_21-407-_-y05-11-89-O-2,Caterham,tfl_21-407-_-y05-11_HygcEjI.xml
PK0003436:2,JP_21-407-_-y05-11-90-O-2,Caterham,tfl_21-407-_-y05-11_HygcEjI.xml
PK0003436:2,JP_21-407-_-y05-11-91-O-2,Caterham,tfl_21-407-_-y05-11_HygcEjI.xml
PK0003436:2,JP_21-407-_-y05-11-93-O-2,Caterham,tfl_21-407-_-y05-11_HygcEjI.xml
PK0003436:2,JP_21-407-_-y05-11-98-O-2,Caterham,tfl_21-407-_-y05-11_HygcEjI.xml
PK0003436:2,JP_21-407-_-y05-11-113-O-2,Caterham,tfl_21-407-_-y05-11_HygcEjI.xml
PK0003436:2,JP_21-407-_-y05-11-115-O-2,Caterham,tfl_21-407-_-y05-11_HygcEjI.xml
PK0003436:2,JP_21-407-_-y05-11-116-O-2,Caterham,tfl_21-407-_-y05-11_HygcEjI.xml
PK0003436:2,JP_21-407-_-y05-11-118-O-2,Caterham,tfl_21-407-_-y05-11_HygcEjI.xml
PK0003436:2,JP_21-407-_-y05-11-119-O-2,Caterham,tfl_21-407-_-y05-11_HygcEjI.xml
PK0003436:2,JP_21-407-_-y05-11-120-O-2,Caterham,tfl_21-407-_-y05-11_HygcEjI.xml
PK0003436:2,JP_21-407-_-y05-11-121-O-2,Caterham,tfl_21-407-_-y05-11_HygcEjI.xml
PK0003436:2,JP_21-407-_-y05-11-128-O-2,Caterham,tfl_21-407-_-y05-11_HygcEjI.xml
PK0003436:2,JP_21-407-_-y05-11-129-O-2,Caterham,tfl_21-407-_-y05-11_HygcEjI.xml
PK0003436:2,JP_21-407-_-y05-11-130-O-2,Caterham,tfl_21-407-_-y05-11_HygcEjI.xml
PK0003436:2,JP_21-407-_-y05-11-131-O-2,Caterham,tfl_21-407-_-y05-11_HygcEjI.xml
PK0003436:2,JP_21-407-_-y05-11-132-O-2,Caterham,tfl_21-407-_-y05-11_HygcEjI.xml
PK0003436:2,JP_21-407-_-y05-11-137-O-2,Caterham,tfl_21-407-_-y05-11_HygcEjI.xml
PK0003436:2,JP_21-407-_-y05-11-138-O-2,Caterham,tfl_21-407-_-y05-11_HygcEjI.xml
PK0003436:2,JP_21-407-_-y05-11-139-O-2,Caterham,tfl_21-407-_-y05-11_HygcEjI.xml
PK0003436:2,JP_21-407-_-y05-11-140-O-2,Caterham,tfl_21-407-_-y05-11_HygcEjI.xml
PK0003436:2,JP_21-407-_-y05-11-143-O-2,Caterham,tfl_21-407-_-y05-11_HygcEjI.xml
PK0003436:2,JP_21-407-_-y05-11-144-O-2,Caterham,tfl_21-407-_-y05-11_HygcEjI.xml
PK0003436:2,JP_21-407-_-y05-11-146-O-2,Caterham,tfl_21-407-_-y05-11_HygcEjI.xml
PK0003436:2,JP_21-407-_-y05-11-148-O-2,Caterham,tfl_21-407-_-y05-11_HygcEjI.xml
PK0003436:2,JP_21-407-_-y05-11-149-O-2,Caterham,tfl_21-407-_-y05-11_HygcEjI.xml
PK0003436:2,JP_21-407-_-y05-11-150-O-2,Caterham,tfl_21-407-_-y05-11_HygcEjI.xml
PK0003436:2,JP_21-407-_-y05-11-151-O-2,Caterham,tfl_21-407-_-y05-11_HygcEjI.xml
PK0003436:2,JP_21-407-_-y05-11-156-O-2,Caterham,tfl_21-407-_-y05-11_HygcEjI.xml
PK0003436:2,JP_21-407-_-y05-11-2-I-1,Sutton (London),tfl_21-407-_-y05-11_HygcEjI.xml
PK0003436:2,JP_21-407-_-y05-11-3-I-1,Sutton (London),tfl_21-407-_-y05-11_HygcEjI.xml
PK0003436:2,JP_21-407-_-y05-11-5-I-1,Sutton (London),tfl_21-407-_-y05-11_HygcEjI.xml
PK0003436:2,JP_21-407-_-y05-11-7-I-1,Sutton (London),tfl_21-407-_-y05-11_HygcEjI.xml
PK0003436:2,JP_21-407-_-y05-11-15-I-1,Sutton (London),tfl_21-407-_-y05-11_HygcEjI.xml
PK0003436:2,JP_21-407-_-y05-11-17-I-1,Sutton (London),tfl_21-407-_-y05-11_HygcEjI.xml
PK0003436:2,JP_21-407-_-y05-11-18-I-1,Sutton (London),tfl_21-407-_-y05-11_HygcEjI.xml
PK0003436:2,JP_21-407-_-y05-11-22-I-1,Sutton (London),tfl_21-407-_-y05-11_HygcEjI.xml
PK0003436:2,JP_21-407-_-y05-11-24-I-1,Sutton (London),tfl_21-407-_-y05-11_HygcEjI.xml
PK0003436:2,JP_21-407-_-y05-11-25-I-1,Sutton (London),tfl_21-407-_-y05-11_HygcEjI.xml
PK0003436:2,JP_21-407-_-y05-11-37-I-1,Sutton (London),tfl_21-407-_-y05-11_HygcEjI.xml
PK0003436:2,JP_21-407-_-y05-11-38-I-1,Sutton (London),tfl_21-407-_-y05-11_HygcEjI.xml
PK0003436:2,JP_21-407-_-y05-11-41-I-1,Sutton (London),tfl_21-407-_-y05-11_HygcEjI.xml
PK0003436:2,JP_21-407-_-y05-11-43-I-1,Sutton (London),tfl_21-407-_-y05-11_HygcEjI.xml
PK0003436:2,JP_21-407-_-y05-11-44-I-1,Sutton (London),tfl_21-407-_-y05-11_HygcEjI.xml
PK0003436:2,JP_21-407-_-y05-11-51-I-1,Sutton (London),tfl_21-407-_-y05-11_HygcEjI.xml
PK0003436:2,JP_21-407-_-y05-11-57-I-1,Sutton (London),tfl_21-407-_-y05-11_HygcEjI.xml
PK0003436:2,JP_21-407-_-y05-11-58-I-1,Sutton (London),tfl_21-407-_-y05-11_HygcEjI.xml
PK0003436:2,JP_21-407-_-y05-11-59-I-1,Sutton (London),tfl_21-407-_-y05-11_HygcEjI.xml
PK0003436:2,JP_21-407-_-y05-11-60-I-1,Sutton (London),tfl_21-407-_-y05-11_HygcEjI.xml
PK0003436:2,JP_21-407-_-y05-11-63-I-1,Sutton (London),tfl_21-407-_-y05-11_HygcEjI.xml
PK0003436:2,JP_21-407-_-y05-11-64-I-1,Sutton (London),tfl_21-407-_-y05-11_HygcEjI.xml
PK0003436:2,JP_21-407-_-y05-11-65-I-1,Sutton (London),tfl_21-407-_-y05-11_HygcEjI.xml
PK0003436:2,JP_21-407-_-y05-11-66-I-1,Sutton (London),tfl_21-407-_-y05-11_HygcEjI.xml
PK0003436:2,JP_21-407-_-y05-11-71-I-1,Sutton (London),tfl_21-407-_-y05-11_HygcEjI.xml
PK0003436:2,JP_21-407-_-y05-11-73-I-1,Sutton (London),tfl_21-407-_-y05-11_HygcEjI.xml
PK0003436:2,JP_21-407-_-y05-11-74-I-1,Sutton (London),tfl_21-407-_-y05-11_HygcEjI.xml
PK0003436:2,JP_21-407-_-y05-11-78-I-1,Sutton (London),tfl_21-407-_-y05-11_HygcEjI.xml
PK0003436:2,JP_21-407-_-y05-11-79-I-1,Sutton (London),tfl_21-407-_-y05-11_HygcEjI.xml
PK0003436:2,JP_21-407-_-y05-11-80-I-1,Sutton (London),tfl_21-407-_-y05-11_HygcEjI.xml
PK0003436:2,JP_21-407-_-y05-11-81-I-1,Sutton (London),tfl_21-407-_-y05-11_HygcEjI.xml
PK0003436:2,JP_21-407-_-y05-11-96-I-1,Sutton (London),tfl_21-407-_-y05-11_HygcEjI.xml
PK0003436:2,JP_21-407-_-y05-11-97-I-1,Sutton (London),tfl_21-407-_-y05-11_HygcEjI.xml
PK0003436:2,JP_21-407-_-y05-11-98-I-1,Sutton (London),tfl_21-407-_-y05-11_HygcEjI.xml
PK0003436:2,JP_21-407-_-y05-11-99-I-1,Sutton (London),tfl_21-407-_-y05-11_HygcEjI.xml
PK0003436:2,JP_21-407-_-y05-11-100-I-1,Sutton (London),tfl_21-407-_-y05-11_HygcEjI.xml
PK0003436:2,JP_21-407-_-y05-11-101-I-1,Sutton (London),tfl_21-407-_-y05-11_HygcEjI.xml
PK0003436:2,JP_21-407-_-y05-11-102-I-1,Sutton (London),tfl_21-407-_-y05-11_HygcEjI.xml
PK0003436:2,JP_21-407-_-y05-11-103-I-1,Sutton (London),tfl_21-407-_-y05-11_HygcEjI.xml
PK0003436:2,JP_21-407-_-y05-11-126-I-1,Sutton (London),tfl_21-407-_-y05-11_HygcEjI.xml
PK0003436:2,JP_21-407-_-y05-11-127-I-1,Sutton (London),tfl_21-407-_-y05-11_HygcEjI.xml
PK0003436:2,JP_21-407-_-y05-11-1-O-2,Caterham,tfl_21-407-_-y05-11_HygcEjI.xml
PK0003436:2,JP_21-407-_-y05-11-3-O-2,Caterham,tfl_21-407-_-y05-11_HygcEjI.xml
PK0003436:2,JP_21-407-_-y05-11-11-O-2,Caterham,tfl_21-407-_-y05-11_HygcEjI.xml
PK0003436:2,JP_21-407-_-y05-11-13-O-2,Caterham,tfl_21-407-_-y05-11_HygcEjI.xml
PK0003436:2,JP_21-407-_-y05-11-19-O-2,Caterham,tfl_21-407-_-y05-11_HygcEjI.xml
PK0003436:2,JP_21-407-_-y05-11-20-O-2,Caterham,tfl_21-407-_-y05-11_HygcEjI.xml
PK0003436:2,JP_21-407-_-y05-11-21-O-2,Caterham,tfl_21-407-_-y05-11_HygcEjI.xml
PK0003436:2,JP_21-407-_-y05-11-22-O-2,Caterham,tfl_21-407-_-y05-11_HygcEjI.xml
PK0003436:2,JP_21-407-_-y05-11-28-O-2,Caterham,tfl_21-407-_-y05-11_HygcEjI.xml
PK0003436:2,JP_21-407-_-y05-11-32-O-2,Caterham,tfl_21-407-_-y05-11_HygcEjI.xml
PK0003436:2,JP_21-407-_-y05-11-33-O-2,Caterham,tfl_21-407-_-y05-11_HygcEjI.xml
PK0003436:2,JP_21-407-_-y05-11-34-O-2,Caterham,tfl_21-407-_-y05-11_HygcEjI.xml
PK0003436:2,JP_21-407-_-y05-11-38-O-2,Caterham,tfl_21-407-_-y05-11_HygcEjI.xml
PK0003436:2,JP_21-407-_-y05-11-43-O-2,Caterham,tfl_21-407-_-y05-11_HygcEjI.xml
PK0003436:2,JP_21-407-_-y05-11-44-O-2,Caterham,tfl_21-407-_-y05-11_HygcEjI.xml
PK0003436:2,JP_21-407-_-y05-11-45-O-2,Caterham,tfl_21-407-_-y05-11_HygcEjI.xml
PK0003436:2,JP_21-407-_-y05-11-46-O-2,Caterham,tfl_21-407-_-y05-11_HygcEjI.xml
PK0003436:2,JP_21-407-_-y05-11-48-O-2,Caterham,tfl_21-407-_-y05-11_HygcEjI.xml
PK0003436:2,JP_21-407-_-y05-11-51-O-2,Caterham,tfl_21-407-_-y05-11_HygcEjI.xml
PK0003436:2,JP_21-407-_-y05-11-53-O-2,Caterham,tfl_21-407-_-y05-11_HygcEjI.xml
PK0003436:2,JP_21-407-_-y05-11-54-O-2,Caterham,tfl_21-407-_-y05-11_HygcEjI.xml
PK0003436:2,JP_21-407-_-y05-11-63-O-2,Caterham,tfl_21-407-_-y05-11_HygcEjI.xml
PK0003436:2,JP_21-407-_-y05-11-66-O-2,Caterham,tfl_21-407-_-y05-11_HygcEjI.xml
PK0003436:2,JP_21-407-_-y05-11-69-O-2,Caterham,tfl_21-407-_-y05-11_HygcEjI.xml
PK0003436:2,JP_21-407-_-y05-11-70-O-2,Caterham,tfl_21-407-_-y05-11_HygcEjI.xml
PK0003436:2,JP_21-407-_-y05-11-71-O-2,Caterham,tfl_21-407-_-y05-11_HygcEjI.xml
PK0003436:2,JP_21-407-_-y05-11-72-O-2,Caterham,tfl_21-407-_-y05-11_HygcEjI.xml
PK0003436:2,JP_21-407-_-y05-11-74-O-2,Caterham,tfl_21-407-_-y05-11_HygcEjI.xml
PK0003436:2,JP_21-407-_-y05-11-81-O-2,Caterham,tfl_21-407-_-y05-11_HygcEjI.xml
PK0003436:2,JP_21-407-_-y05-11-86-O-2,Caterham,tfl_21-407-_-y05-11_HygcEjI.xml
PK0003436:2,JP_21-407-_-y05-11-87-O-2,Caterham,tfl_21-407-_-y05-11_HygcEjI.xml
PK0003436:2,JP_21-407-_-y05-11-88-O-2,Caterham,tfl_21-407-_-y05-11_HygcEjI.xml
PK0003436:2,JP_21-407-_-y05-11-92-O-2,Caterham,tfl_21-407-_-y05-11_HygcEjI.xml
PK0003436:2,JP_21-407-_-y05-11-94-O-2,Caterham,tfl_21-407-_-y05-11_HygcEjI.xml
PK0003436:2,JP_21-407-_-y05-11-104-O-2,Caterham,tfl_21-407-_-y05-11_HygcEjI.xml
PK0003436:2,JP_21-407-_-y05-11-105-O-2,Caterham,tfl_21-407-_-y05-11_HygcEjI.xml
PK0003436:2,JP_21-407-_-y05-11-107-O-2,Caterham,tfl_21-407-_-y05-11_HygcEjI.xml
PK0003436:2,JP_21-407-_-y05-11-109-O-2,Caterham,tfl_21-407-_-y05-11_HygcEjI.xml
PK0003436:2,JP_21-407-_-y05-11-110-O-2,Caterham,tfl_21-407-_-y05-11_HygcEjI.xml
PK0003436:2,JP_21-407-_-y05-11-111-O-2,Caterham,tfl_21-407-_-y05-11_HygcEjI.xml
PK0003436:2,JP_21-407-_-y05-11-114-O-2,Caterham,tfl_21-407-_-y05-11_HygcEjI.xml
PK0003436:2,JP_21-407-_-y05-11-117-O-2,Caterham,tfl_21-407-_-y05-11_HygcEjI.xml
PK0003436:2,JP_21-407-_-y05-11-124-O-2,Caterham,tfl_21-407-_-y05-11_HygcEjI.xml
PK0003436:2,JP_21-407-_-y05-11-133-O-2,Caterham,tfl_21-407-_-y05-11_HygcEjI.xml
PK0003436:2,JP_21-407-_-y05-11-134-O-2,Caterham,tfl_21-407-_-y05-11_HygcEjI.xml
PK0003436:2,JP_21-407-_-y05-11-135-O-2,Caterham,tfl_21-407-_-y05-11_HygcEjI.xml
PK0003436:2,JP_21-407-_-y05-11-136-O-2,Caterham,tfl_21-407-_-y05-11_HygcEjI.xml
PK0003436:2,JP_21-407-_-y05-11-1-I-1,Sutton (London),tfl_21-407-_-y05-11_HygcEjI.xml
PK0003436:2,JP_21-407-_-y05-11-8-I-1,Sutton (London),tfl_21-407-_-y05-11_HygcEjI.xml
PK0003436:2,JP_21-407-_-y05-11-11-I-1,Sutton (London),tfl_21-407-_-y05-11_HygcEjI.xml
PK0003436:2,JP_21-407-_-y05-11-12-I-1,Sutton (London),tfl_21-407-_-y05-11_HygcEjI.xml
PK0003436:2,JP_21-407-_-y05-11-26-I-1,Sutton (London),tfl_21-407-_-y05-11_HygcEjI.xml
PK0003436:2,JP_21-407-_-y05-11-27-I-1,Sutton (London),tfl_21-407-_-y05-11_HygcEjI.xml
PK0003436:2,JP_21-407-_-y05-11-32-I-1,Sutton (London),tfl_21-407-_-y05-11_HygcEjI.xml
PK0003436:2,JP_21-407-_-y05-11-33-I-1,Sutton (London),tfl_21-407-_-y05-11_HygcEjI.xml
PK0003436:2,JP_21-407-_-y05-11-34-I-1,Sutton (London),tfl_21-407-_-y05-11_HygcEjI.xml
PK0003436:2,JP_21-407-_-y05-11-36-I-1,Sutton (London),tfl_21-407-_-y05-11_HygcEjI.xml
PK0003436:2,JP_21-407-_-y05-11-42-I-1,Sutton (London),tfl_21-407-_-y05-11_HygcEjI.xml
PK0003436:2,JP_21-407-_-y05-11-46-I-1,Sutton (London),tfl_21-407-_-y05-11_HygcEjI.xml
PK0003436:2,JP_21-407-_-y05-11-47-I-1,Sutton (London),tfl_21-407-_-y05-11_HygcEjI.xml
PK0003436:2,JP_21-407-_-y05-11-49-I-1,Sutton (London),tfl_21-407-_-y05-11_HygcEjI.xml
PK0003436:2,JP_21-407-_-y05-11-61-I-1,Sutton (London),tfl_21-407-_-y05-11_HygcEjI.xml
PK0003436:2,JP_21-407-_-y05-11-68-I-1,Sutton (London),tfl_21-407-_-y05-11_HygcEjI.xml
PK0003436:2,JP_21-407-_-y05-11-70-I-1,Sutton (London),tfl_21-407-_-y05-11_HygcEjI.xml
PK0003436:2,JP_21-407-_-y05-11-72-I-1,Sutton (London),tfl_21-407-_-y05-11_HygcEjI.xml
PK0003436:2,JP_21-407-_-y05-11-82-I-1,Sutton (London),tfl_21-407-_-y05-11_HygcEjI.xml
PK0003436:2,JP_21-407-_-y05-11-83-I-1,Sutton (London),tfl_21-407-_-y05-11_HygcEjI.xml
PK0003436:2,JP_21-407-_-y05-11-84-I-1,Sutton (London),tfl_21-407-_-y05-11_HygcEjI.xml
PK0003436:2,JP_21-407-_-y05-11-85-I-1,Sutton (London),tfl_21-407-_-y05-11_HygcEjI.xml
PK0003436:2,JP_21-407-_-y05-11-86-I-1,Sutton (London),tfl_21-407-_-y05-11_HygcEjI.xml
PK0003436:2,JP_21-407-_-y05-11-87-I-1,Sutton (London),tfl_21-407-_-y05-11_HygcEjI.xml
PK0003436:2,JP_21-407-_-y05-11-88-I-1,Sutton (London),tfl_21-407-_-y05-11_HygcEjI.xml
PK0003436:2,JP_21-407-_-y05-11-93-I-1,Sutton (London),tfl_21-407-_-y05-11_HygcEjI.xml
PK0003436:2,JP_21-407-_-y05-11-94-I-1,Sutton (London),tfl_21-407-_-y05-11_HygcEjI.xml
PK0003436:2,JP_21-407-_-y05-11-95-I-1,Sutton (London),tfl_21-407-_-y05-11_HygcEjI.xml
PK0003436:2,JP_21-407-_-y05-11-104-I-1,Sutton (London),tfl_21-407-_-y05-11_HygcEjI.xml
PK0003436:2,JP_21-407-_-y05-11-114-I-1,Sutton (London),tfl_21-407-_-y05-11_HygcEjI.xml
PK0003436:2,JP_21-407-_-y05-11-116-I-1,Sutton (London),tfl_21-407-_-y05-11_HygcEjI.xml
PK0003436:2,JP_21-407-_-y05-11-123-I-1,Sutton (London),tfl_21-407-_-y05-11_HygcEjI.xml
PK0003436:2,JP_21-407-_-y05-11-124-I-1,Sutton (London),tfl_21-407-_-y05-11_HygcEjI.xml
PK0003436:2,JP_21-407-_-y05-11-125-I-1,Sutton (London),tfl_21-407-_-y05-11_HygcEjI.xml
PK0003436:2,JP_21-407-_-y05-11-129-I-1,Sutton (London),tfl_21-407-_-y05-11_HygcEjI.xml
PK0003436:2,JP_21-407-_-y05-11-132-I-1,Sutton (London),tfl_21-407-_-y05-11_HygcEjI.xml
PK0003436:2,JP_21-407-_-y05-11-133-I-1,Sutton (London),tfl_21-407-_-y05-11_HygcEjI.xml
PK0003436:2,JP_21-407-_-y05-11-142-I-1,Sutton (London),tfl_21-407-_-y05-11_HygcEjI.xml
PK0003436:2,JP_21-407-_-y05-11-143-I-1,Sutton (London),tfl_21-407-_-y05-11_HygcEjI.xml
PK0003436:2,JP_21-407-_-y05-11-144-I-1,Sutton (London),tfl_21-407-_-y05-11_HygcEjI.xml
PK0003436:2,JP_21-407-_-y05-11-145-I-1,Sutton (London),tfl_21-407-_-y05-11_HygcEjI.xml
PK0003436:2,JP_21-407-_-y05-11-146-I-1,Sutton (London),tfl_21-407-_-y05-11_HygcEjI.xml
PK0003436:2,JP_21-407-_-y05-11-147-I-1,Sutton (London),tfl_21-407-_-y05-11_HygcEjI.xml
PK0003436:2,JP_21-407-_-y05-11-148-I-1,Sutton (London),tfl_21-407-_-y05-11_HygcEjI.xml
PK0003436:2,JP_21-407-_-y05-11-149-I-1,Sutton (London),tfl_21-407-_-y05-11_HygcEjI.xml
PK0003436:2,JP_21-407-_-y05-11-150-I-1,Sutton (London),tfl_21-407-_-y05-11_HygcEjI.xml
PK0003436:2,JP_21-407-_-y05-11-151-I-1,Sutton (London),tfl_21-407-_-y05-11_HygcEjI.xml
PK0003436:2,JP_21-407-_-y05-11-152-I-1,Sutton (London),tfl_21-407-_-y05-11_HygcEjI.xml
PK0003436:2,JP_21-407-_-y05-11-153-I-1,Sutton (London),tfl_21-407-_-y05-11_HygcEjI.xml
PK0003436:2,JP_21-407-_-y05-11-154-I-1,Sutton (London),tfl_21-407-_-y05-11_HygcEjI.xml
PK0003436:2,JP_21-407-_-y05-11-155-I-1,Sutton (London),tfl_21-407-_-y05-11_HygcEjI.xml
PK0003436:2,JP_21-407-_-y05-11-156-I-1,Sutton (London),tfl_21-407-_-y05-11_HygcEjI.xml
PK0003436:2,JP_21-407-_-y05-11-157-I-1,Sutton (London),tfl_21-407-_-y05-11_HygcEjI.xml
PK0003436:2,JP_21-407-_-y05-11-158-I-1,Sutton (London),tfl_21-407-_-y05-11_HygcEjI.xml
PK0003436:2,JP_21-407-_-y05-11-159-I-1,Sutton (London),tfl_21-407-_-y05-11_HygcEjI.xml
PK0003436:2,JP_21-407-_-y05-11-160-I-1,Sutton (London),tfl_21-407-_-y05-11_HygcEjI.xml
PK0003436:2,JP_21-407-_-y05-11-161-I-1,Sutton (London),tfl_21-407-_-y05-11_HygcEjI.xml
PK0003436:2,JP_21-407-_-y05-11-162-I-1,Sutton (London),tfl_21-407-_-y05-11_HygcEjI.xml
PK0003436:2,JP_21-407-_-y05-11-163-I-1,Sutton (London),tfl_21-407-_-y05-11_HygcEjI.xml
PK0003436:2,JP_21-407-_-y05-11-164-I-1,Sutton (London),tfl_21-407-_-y05-11_HygcEjI.xml
PK0003436:2,JP_21-407-_-y05-11-165-I-1,Sutton (London),tfl_21-407-_-y05-11_HygcEjI.xml
PK0003436:2,JP_21-407-_-y05-11-166-I-1,Sutton (London),tfl_21-407-_-y05-11_HygcEjI.xml
PK0003436:2,JP_21-407-_-y05-11-167-I-1,Sutton (London),tfl_21-407-_-y05-11_HygcEjI.xml
PK0003436:2,JP_21-407-_-y05-11-168-I-1,Sutton (London),tfl_21-407-_-y05-11_HygcEjI.xml
PK0003436:2,JP_21-407-_-y05-11-169-I-1,Sutton (London),tfl_21-407-_-y05-11_HygcEjI.xml
PK0003436:2,JP_21-407-_-y05-11-170-I-1,Sutton (London),tfl_21-407-_-y05-11_HygcEjI.xml
PK0003436:2,JP_21-407-_-y05-11-171-I-1,Sutton (London),tfl_21-407-_-y05-11_HygcEjI.xml
PK0003436:2,JP_21-407-_-y05-11-2-O-2,Caterham,tfl_21-407-_-y05-11_HygcEjI.xml
PK0003436:2,JP_21-407-_-y05-11-4-O-2,Caterham,tfl_21-407-_-y05-11_HygcEjI.xml
PK0003436:2,JP_21-407-_-y05-11-5-O-2,Caterham,tfl_21-407-_-y05-11_HygcEjI.xml
PK0003436:2,JP_21-407-_-y05-11-9-O-2,Caterham,tfl_21-407-_-y05-11_HygcEjI.xml
PK0003436:2,JP_21-407-_-y05-11-10-O-2,Caterham,tfl_21-407-_-y05-11_HygcEjI.xml
PK0003436:2,JP_21-407-_-y05-11-14-O-2,Caterham,tfl_21-407-_-y05-11_HygcEjI.xml
PK0003436:2,JP_21-407-_-y05-11-15-O-2,Caterham,tfl_21-407-_-y05-11_HygcEjI.xml
PK0003436:2,JP_21-407-_-y05-11-27-O-2,Caterham,tfl_21-407-_-y05-11_HygcEjI.xml
PK0003436:2,JP_21-407-_-y05-11-31-O-2,Caterham,tfl_21-407-_-y05-11_HygcEjI.xml
PK0003436:2,JP_21-407-_-y05-11-35-O-2,Caterham,tfl_21-407-_-y05-11_HygcEjI.xml
PK0003436:2,JP_21-407-_-y05-11-36-O-2,Caterham,tfl_21-407-_-y05-11_HygcEjI.xml
PK0003436:2,JP_21-407-_-y05-11-47-O-2,Caterham,tfl_21-407-_-y05-11_HygcEjI.xml
PK0003436:2,JP_21-407-_-y05-11-49-O-2,Caterham,tfl_21-407-_-y05-11_HygcEjI.xml
PK0003436:2,JP_21-407-_-y05-11-62-O-2,Caterham,tfl_21-407-_-y05-11_HygcEjI.xml
PK0003436:2,JP_21-407-_-y05-11-64-O-2,Caterham,tfl_21-407-_-y05-11_HygcEjI.xml
PK0003436:2,JP_21-407-_-y05-11-65-O-2,Caterham,tfl_21-407-_-y05-11_HygcEjI.xml
PK0003436:2,JP_21-407-_-y05-11-67-O-2,Caterham,tfl_21-407-_-y05-11_HygcEjI.xml
PK0003436:2,JP_21-407-_-y05-11-68-O-2,Caterham,tfl_21-407-_-y05-11_HygcEjI.xml
PK0003436:2,JP_21-407-_-y05-11-77-O-2,Caterham,tfl_21-407-_-y05-11_HygcEjI.xml
PK0003436:2,JP_21-407-_-y05-11-78-O-2,Caterham,tfl_21-407-_-y05-11_HygcEjI.xml
PK0003436:2,JP_21-407-_-y05-11-79-O-2,Caterham,tfl_21-407-_-y05-11_HygcEjI.xml
PK0003436:2,JP_21-407-_-y05-11-80-O-2,Caterham,tfl_21-407-_-y05-11_HygcEjI.xml
PK0003436:2,JP_21-407-_-y05-11-83-O-2,Caterham,tfl_21-407-_-y05-11_HygcEjI.xml
PK0003436:2,JP_21-407-_-y05-11-95-O-2,Caterham,tfl_21-407-_-y05-11_HygcEjI.xml
PK0003436:2,JP_21-407-_-y05-11-96-O-2,Caterham,tfl_21-407-_-y05-11_HygcEjI.xml
PK0003436:2,JP_21-407-_-y05-11-97-O-2,Caterham,tfl_21-407-_-y05-11_HygcEjI.xml
PK0003436:2,JP_21-407-_-y05-11-99-O-2,Caterham,tfl_21-407-_-y05-11_HygcEjI.xml
PK0003436:2,JP_21-407-_-y05-11-100-O-2,Caterham,tfl_21-407-_-y05-11_HygcEjI.xml
PK0003436:2,JP_21-407-_-y05-11-101-O-2,Caterham,tfl_21-407-_-y05-11_HygcEjI.xml
PK0003436:2,JP_21-407-_-y05-11-102-O-2,Caterham,tfl_21-407-_-y05-11_HygcEjI.xml
PK0003436:2,JP_21-407-_-y05-11-103-O-2,Caterham,tfl_21-407-_-y05-11_HygcEjI.xml
PK0003436:2,JP_21-407-_-y05-11-106-O-2,Caterham,tfl_21-407-_-y05-11_HygcEjI.xml
PK0003436:2,JP_21-407-_-y05-11-108-O-2,Caterham,tfl_21-407-_-y05-11_HygcEjI.xml
PK0003436:2,JP_21-407-_-y05-11-112-O-2,Caterham,tfl_21-407-_-y05-11_HygcEjI.xml
PK0003436:2,JP_21-407-_-y05-11-122-O-2,Caterham,tfl_21-407-_-y05-11_HygcEjI.xml
PK0003436:2,JP_21-407-_-y05-11-123-O-2,Caterham,tfl_21-407-_-y05-11_HygcEjI.xml
PK0003436:2,JP_21-407-_-y05-11-125-O-2,Caterham,tfl_21-407-_-y05-11_HygcEjI.xml
PK0003436:2,JP_21-407-_-y05-11-126-O-2,Caterham,tfl_21-407-_-y05-11_HygcEjI.xml
PK0003436:2,JP_21-407-_-y05-11-127-O-2,Caterham,tfl_21-407-_-y05-11_HygcEjI.xml
PK0003436:2,JP_21-407-_-y05-11-141-O-2,Caterham,tfl_21-407-_-y05-11_HygcEjI.xml
PK0003436:2,JP_21-407-_-y05-11-142-O-2,Caterham,tfl_21-407-_-y05-11_HygcEjI.xml
PK0003436:2,JP_21-407-_-y05-11-145-O-2,Caterham,tfl_21-407-_-y05-11_HygcEjI.xml
PK0003436:2,JP_21-407-_-y05-11-147-O-2,Caterham,tfl_21-407-_-y05-11_HygcEjI.xml
PK0003436:2,JP_21-407-_-y05-11-152-O-2,Caterham,tfl_21-407-_-y05-11_HygcEjI.xml
PK0003436:2,JP_21-407-_-y05-11-153-O-2,Caterham,tfl_21-407-_-y05-11_HygcEjI.xml
PK0003436:2,JP_21-407-_-y05-11-154-O-2,Caterham,tfl_21-407-_-y05-11_HygcEjI.xml
PK0003436:2,JP_21-407-_-y05-11-155-O-2,Caterham,tfl_21-407-_-y05-11_HygcEjI.xml
PK0003436:2,JP_21-407-_-y05-11-157-O-2,Caterham,tfl_21-407-_-y05-11_HygcEjI.xml
PK0003436:2,JP_21-407-_-y05-11-158-O-2,Caterham,tfl_21-407-_-y05-11_HygcEjI.xml
PK0003436:2,JP_21-407-_-y05-11-159-O-2,Caterham,tfl_21-407-_-y05-11_HygcEjI.xml
PK0003436:2,JP_21-407-_-y05-11-160-O-2,Caterham,tfl_21-407-_-y05-11_HygcEjI.xml
PK0003436:2,JP_21-407-_-y05-11-161-O-2,Caterham,tfl_21-407-_-y05-11_HygcEjI.xml
PK0003436:2,JP_21-407-_-y05-11-162-O-2,Caterham,tfl_21-407-_-y05-11_HygcEjI.xml
PK0003436:2,JP_21-407-_-y05-11-163-O-2,Caterham,tfl_21-407-_-y05-11_HygcEjI.xml
PK0003436:2,JP_21-407-_-y05-11-164-O-2,Caterham,tfl_21-407-_-y05-11_HygcEjI.xml
PK0003436:2,JP_21-407-_-y05-11-165-O-2,Caterham,tfl_21-407-_-y05-11_HygcEjI.xml
PK0003436:2,JP_21-407-_-y05-11-166-O-2,Caterham,tfl_21-407-_-y05-11_HygcEjI.xml
PK0003436:2,JP_21-407-_-y05-11-167-O-2,Caterham,tfl_21-407-_-y05-11_HygcEjI.xml
PK0003436:2,JP_21-407-_-y05-11-168-O-2,Caterham,tfl_21-407-_-y05-11_HygcEjI.xml
PK0003436:2,JP_21-407-_-y05-11-169-O-2,Caterham,tfl_21-407-_-y05-11_HygcEjI.xml
PK0003436:2,JP_21-407-_-y05-11-170-O-2,Caterham,tfl_21-407-_-y05-11_HygcEjI.xml
PK0003436:2,JP_21-407-_-y05-11-171-O-2,Caterham,tfl_21-407-_-y05-11_HygcEjI.xml
PK0003436:2,JP_21-407-_-y05-11-172-O-2,Caterham,tfl_21-407-_-y05-11_HygcEjI.xml
PK0003436:2,JP_21-407-_-y05-11-173-O-2,Caterham,tfl_21-407-_-y05-11_HygcEjI.xml
PK0003436:4,JP_21-464-_-y05-55535-1-I-1,Biggin Hill,tfl_21-464-_-y05-55535.xml
PK0003436:4,JP_21-464-_-y05-55535-3-I-2,Tatsfield,tfl_21-464-_-y05-55535.xml
PK0003436:4,JP_21-464-_-y05-55535-4-I-2,Tatsfield,tfl_21-464-_-y05-55535.xml
PK0003436:4,JP_21-464-_-y05-55535-5-I-2,Tatsfield,tfl_21-464-_-y05-55535.xml
PK0003436:4,JP_21-464-_-y05-55535-6-I-2,Tatsfield,tfl_21-464-_-y05-55535.xml
PK0003436:4,JP_21-464-_-y05-55535-7-I-2,Tatsfield,tfl_21-464-_-y05-55535.xml
PK0003436:4,JP_21-464-_-y05-55535-1-O-3,New Addington,tfl_21-464-_-y05-55535.xml
PK0003436:4,JP_21-464-_-y05-55535-3-O-4,New Addington,tfl_21-464-_-y05-55535.xml
PK0003436:4,JP_21-464-_-y05-55535-5-O-4,New Addington,tfl_21-464-_-y05-55535.xml
PK0003436:4,JP_21-464-_-y05-55535-7-O-4,New Addington,tfl_21-464-_-y05-55535.xml
PK0003436:4,JP_21-464-_-y05-55535-8-O-4,New Addington,tfl_21-464-_-y05-55535.xml
PK0003436:4,JP_21-464-_-y05-55535-9-O-4,New Addington,tfl_21-464-_-y05-55535.xml
PK0003436:4,JP_21-464-_-y05-55535-10-O-4,New Addington,tfl_21-464-_-y05-55535.xml
PK0003436:4,JP_21-464-_-y05-55535-11-O-4,New Addington,tfl_21-464-_-y05-55535.xml
PK0003436:4,JP_21-464-_-y05-55535-2-I-2,Tatsfield,tfl_21-464-_-y05-55535.xml
PK0003436:4,JP_21-464-_-y05-55535-2-O-4,New Addington,tfl_21-464-_-y05-55535.xml
PK0003436:4,JP_21-464-_-y05-55535-6-O-4,New Addington,tfl_21-464-_-y05-55535.xml
PK0003436:4,JP_21-464-_-y05-55535-4-O-4,New Addington,tfl_21-464-_-y05-55535.xml
PK0003436:4,JP_21-464-_-y05-55538-1-I-1,Biggin Hill,tfl_21-464-_-y05-55538.xml
PK0003436:4,JP_21-464-_-y05-55538-2-I-2,Tatsfield,tfl_21-464-_-y05-55538.xml
PK0003436:4,JP_21-464-_-y05-55538-3-I-2,Tatsfield,tfl_21-464-_-y05-55538.xml
PK0003436:4,JP_21-464-_-y05-55538-4-I-2,Tatsfield,tfl_21-464-_-y05-55538.xml
PK0003436:4,JP_21-464-_-y05-55538-6-I-2,Tatsfield,tfl_21-464-_-y05-55538.xml
PK0003436:4,JP_21-464-_-y05-55538-7-I-2,Tatsfield,tfl_21-464-_-y05-55538.xml
PK0003436:4,JP_21-464-_-y05-55538-8-I-2,Tatsfield,tfl_21-464-_-y05-55538.xml
PK0003436:4,JP_21-464-_-y05-55538-9-I-2,Tatsfield,tfl_21-464-_-y05-55538.xml
PK0003436:4,JP_21-464-_-y05-55538-1-O-3,New Addington,tfl_21-464-_-y05-55538.xml
PK0003436:4,JP_21-464-_-y05-55538-3-O-3,New Addington,tfl_21-464-_-y05-55538.xml
PK0003436:4,JP_21-464-_-y05-55538-4-O-3,New Addington,tfl_21-464-_-y05-55538.xml
PK0003436:4,JP_21-464-_-y05-55538-7-O-3,New Addington,tfl_21-464-_-y05-55538.xml
PK0003436:4,JP_21-464-_-y05-55538-8-O-3,New Addington,tfl_21-464-_-y05-55538.xml
PK0003436:4,JP_21-464-_-y05-55538-9-O-3,New Addington,tfl_21-464-_-y05-55538.xml
PK0003436:4,JP_21-464-_-y05-55538-10-O-3,New Addington,tfl_21-464-_-y05-55538.xml
PK0003436:4,JP_21-464-_-y05-55538-2-O-3,New Addington,tfl_21-464-_-y05-55538.xml
PK0003436:4,JP_21-464-_-y05-55538-5-O-3,New Addington,tfl_21-464-_-y05-55538.xml
PK0003436:4,JP_21-464-_-y05-55538-6-O-3,New Addington,tfl_21-464-_-y05-55538.xml
PK0003436:4,JP_21-464-_-y05-55539-1-I-1,Biggin Hill,tfl_21-464-_-y05-55539.xml
PK0003436:4,JP_21-464-_-y05-55539-2-I-2,Tatsfield,tfl_21-464-_-y05-55539.xml
PK0003436:4,JP_21-464-_-y05-55539-3-I-2,Tatsfield,tfl_21-464-_-y05-55539.xml
PK0003436:4,JP_21-464-_-y05-55539-4-I-2,Tatsfield,tfl_21-464-_-y05-55539.xml
PK0003436:4,JP_21-464-_-y05-55539-6-I-2,Tatsfield,tfl_21-464-_-y05-55539.xml
PK0003436:4,JP_21-464-_-y05-55539-7-I-2,Tatsfield,tfl_21-464-_-y05-55539.xml
PK0003436:4,JP_21-464-_-y05-55539-8-I-2,Tatsfield,tfl_21-464-_-y05-55539.xml
PK0003436:4,JP_21-464-_-y05-55539-9-I-2,Tatsfield,tfl_21-464-_-y05-55539.xml
PK0003436:4,JP_21-464-_-y05-55539-1-O-3,New Addington,tfl_21-464-_-y05-55539.xml
PK0003436:4,JP_21-464-_-y05-55539-3-O-3,New Addington,tfl_21-464-_-y05-55539.xml
PK0003436:4,JP_21-464-_-y05-55539-4-O-3,New Addington,tfl_21-464-_-y05-55539.xml
PK0003436:4,JP_21-464-_-y05-55539-7-O-3,New Addington,tfl_21-464-_-y05-55539.xml
PK0003436:4,JP_21-464-_-y05-55539-8-O-3,New Addington,tfl_21-464-_-y05-55539.xml
PK0003436:4,JP_21-464-_-y05-55539-9-O-3,New Addington,tfl_21-464-_-y05-55539.xml
PK0003436:4,JP_21-464-_-y05-55539-10-O-3,New Addington,tfl_21-464-_-y05-55539.xml
PK0003436:4,JP_21-464-_-y05-55539-2-O-3,New Addington,tfl_21-464-_-y05-55539.xml
PK0003436:4,JP_21-464-_-y05-55539-5-O-3,New Addington,tfl_21-464-_-y05-55539.xml
PK0003436:4,JP_21-464-_-y05-55539-6-O-3,New Addington,tfl_21-464-_-y05-55539.xml
PK0003436:4,JP_21-464-_-y05-55539-5-I-2,Tatsfield,tfl_21-464-_-y05-55539.xml
PK0001815:90,JP_21-465-_-y05-7-1-I-1,Kingston Upon Thames (London),tfl_21-465-_-y05-7_b3z8CFQ.xml
PK0001815:90,JP_21-465-_-y05-7-3-I-1,Kingston Upon Thames (London),tfl_21-465-_-y05-7_b3z8CFQ.xml
PK0001815:90,JP_21-465-_-y05-7-6-I-1,Kingston Upon Thames (London),tfl_21-465-_-y05-7_b3z8CFQ.xml
PK0001815:90,JP_21-465-_-y05-7-9-I-2,"Kingston, Cromwell Road",tfl_21-465-_-y05-7_b3z8CFQ.xml
PK0001815:90,JP_21-465-_-y05-7-10-I-2,"Kingston, Cromwell Road",tfl_21-465-_-y05-7_b3z8CFQ.xml
PK0001815:90,JP_21-465-_-y05-7-11-I-2,"Kingston, Cromwell Road",tfl_21-465-_-y05-7_b3z8CFQ.xml
PK0001815:90,JP_21-465-_-y05-7-13-I-2,"Kingston, Cromwell Road",tfl_21-465-_-y05-7_b3z8CFQ.xml
PK0001815:90,JP_21-465-_-y05-7-17-I-2,"Kingston, Cromwell Road",tfl_21-465-_-y05-7_b3z8CFQ.xml
PK0001815:90,JP_21-465-_-y05-7-18-I-2,"Kingston, Cromwell Road",tfl_21-465-_-y05-7_b3z8CFQ.xml
PK0001815:90,JP_21-465-_-y05-7-20-I-2,"Kingston, Cromwell Road",tfl_21-465-_-y05-7_b3z8CFQ.xml
PK0001815:90,JP_21-465-_-y05-7-22-I-2,"Kingston, Cromwell Road",tfl_21-465-_-y05-7_b3z8CFQ.xml
PK0001815:90,JP_21-465-_-y05-7-24-I-2,"Kingston, Cromwell Road",tfl_21-465-_-y05-7_b3z8CFQ.xml
PK0001815:90,JP_21-465-_-y05-7-28-I-2,"Kingston, Cromwell Road",tfl_21-465-_-y05-7_b3z8CFQ.xml
PK0001815:90,JP_21-465-_-y05-7-30-I-2,"Kingston, Cromwell Road",tfl_21-465-_-y05-7_b3z8CFQ.xml
PK0001815:90,JP_21-465-_-y05-7-31-I-2,"Kingston, Cromwell Road",tfl_21-465-_-y05-7_b3z8CFQ.xml
PK0001815:90,JP_21-465-_-y05-7-33-I-2,"Kingston, Cromwell Road",tfl_21-465-_-y05-7_b3z8CFQ.xml
PK0001815:90,JP_21-465-_-y05-7-38-I-2,"Kingston, Cromwell Road",tfl_21-465-_-y05-7_b3z8CFQ.xml
PK0001815:90,JP_21-465-_-y05-7-41-I-2,"Kingston, Cromwell Road",tfl_21-465-_-y05-7_b3z8CFQ.xml
PK0001815:90,JP_21-465-_-y05-7-42-I-2,"Kingston, Cromwell Road",tfl_21-465-_-y05-7_b3z8CFQ.xml
PK0001815:90,JP_21-465-_-y05-7-48-I-2,"Kingston, Cromwell Road",tfl_21-465-_-y05-7_b3z8CFQ.xml
PK0001815:90,JP_21-465-_-y05-7-52-I-2,"Kingston, Cromwell Road",tfl_21-465-_-y05-7_b3z8CFQ.xml
PK0001815:90,JP_21-465-_-y05-7-56-I-2,"Kingston, Cromwell Road",tfl_21-465-_-y05-7_b3z8CFQ.xml
PK0001815:90,JP_21-465-_-y05-7-57-I-2,"Kingston, Cromwell Road",tfl_21-465-_-y05-7_b3z8CFQ.xml
PK0001815:90,JP_21-465-_-y05-7-58-I-2,"Kingston, Cromwell Road",tfl_21-465-_-y05-7_b3z8CFQ.xml
PK0001815:90,JP_21-465-_-y05-7-59-I-2,"Kingston, Cromwell Road",tfl_21-465-_-y05-7_b3z8CFQ.xml
PK0001815:90,JP_21-465-_-y05-7-61-I-2,"Kingston, Cromwell Road",tfl_21-465-_-y05-7_b3z8CFQ.xml
PK0001815:90,JP_21-465-_-y05-7-62-I-2,"Kingston, Cromwell Road",tfl_21-465-_-y05-7_b3z8CFQ.xml
PK0001815:90,JP_21-465-_-y05-7-1-O-3,Dorking,tfl_21-465-_-y05-7_b3z8CFQ.xml
PK0001815:90,JP_21-465-_-y05-7-4-O-3,Dorking,tfl_21-465-_-y05-7_b3z8CFQ.xml
PK0001815:90,JP_21-465-_-y05-7-7-O-3,Dorking,tfl_21-465-_-y05-7_b3z8CFQ.xml
PK0001815:90,JP_21-465-_-y05-7-8-O-3,Dorking,tfl_21-465-_-y05-7_b3z8CFQ.xml
PK0001815:90,JP_21-465-_-y05-7-10-O-3,Dorking,tfl_21-465-_-y05-7_b3z8CFQ.xml
PK0001815:90,JP_21-465-_-y05-7-11-O-3,Dorking,tfl_21-465-_-y05-7_b3z8CFQ.xml
PK0001815:90,JP_21-465-_-y05-7-12-O-3,Dorking,tfl_21-465-_-y05-7_b3z8CFQ.xml
PK0001815:90,JP_21-465-_-y05-7-20-O-3,Dorking,tfl_21-465-_-y05-7_b3z8CFQ.xml
PK0001815:90,JP_21-465-_-y05-7-21-O-3,Dorking,tfl_21-465-_-y05-7_b3z8CFQ.xml
PK0001815:90,JP_21-465-_-y05-7-22-O-3,Dorking,tfl_21-465-_-y05-7_b3z8CFQ.xml
PK0001815:90,JP_21-465-_-y05-7-23-O-3,Dorking,tfl_21-465-_-y05-7_b3z8CFQ.xml
PK0001815:90,JP_21-465-_-y05-7-24-O-3,Dorking,tfl_21-465-_-y05-7_b3z8CFQ.xml
PK0001815:90,JP_21-465-_-y05-7-25-O-3,Dorking,tfl_21-465-_-y05-7_b3z8CFQ.xml
PK0001815:90,JP_21-465-_-y05-7-26-O-3,Dorking,tfl_21-465-_-y05-7_b3z8CFQ.xml
PK0001815:90,JP_21-465-_-y05-7-30-O-3,Dorking,tfl_21-465-_-y05-7_b3z8CFQ.xml
PK0001815:90,JP_21-465-_-y05-7-33-O-3,Dorking,tfl_21-465-_-y05-7_b3z8CFQ.xml
PK0001815:90,JP_21-465-_-y05-7-34-O-3,Dorking,tfl_21-465-_-y05-7_b3z8CFQ.xml
PK0001815:90,JP_21-465-_-y05-7-35-O-3,Dorking,tfl_21-465-_-y05-7_b3z8CFQ.xml
PK0001815:90,JP_21-465-_-y05-7-47-O-3,Dorking,tfl_21-465-_-y05-7_b3z8CFQ.xml
PK0001815:90,JP_21-465-_-y05-7-48-O-3,Dorking,tfl_21-465-_-y05-7_b3z8CFQ.xml
PK0001815:90,JP_21-465-_-y05-7-49-O-3,Dorking,tfl_21-465-_-y05-7_b3z8CFQ.xml
PK0001815:90,JP_21-465-_-y05-7-50-O-3,Dorking,tfl_21-465-_-y05-7_b3z8CFQ.xml
PK0001815:90,JP_21-465-_-y05-7-51-O-3,Dorking,tfl_21-465-_-y05-7_b3z8CFQ.xml
PK0001815:90,JP_21-465-_-y05-7-52-O-3,Dorking,tfl_21-465-_-y05-7_b3z8CFQ.xml
PK0001815:90,JP_21-465-_-y05-7-53-O-3,Dorking,tfl_21-465-_-y05-7_b3z8CFQ.xml
PK0001815:90,JP_21-465-_-y05-7-2-I-1,Kingston Upon Thames (London),tfl_21-465-_-y05-7_b3z8CFQ.xml
PK0001815:90,JP_21-465-_-y05-7-12-I-2,"Kingston, Cromwell Road",tfl_21-465-_-y05-7_b3z8CFQ.xml
PK0001815:90,JP_21-465-_-y05-7-14-I-2,"Kingston, Cromwell Road",tfl_21-465-_-y05-7_b3z8CFQ.xml
PK0001815:90,JP_21-465-_-y05-7-19-I-2,"Kingston, Cromwell Road",tfl_21-465-_-y05-7_b3z8CFQ.xml
PK0001815:90,JP_21-465-_-y05-7-27-I-2,"Kingston, Cromwell Road",tfl_21-465-_-y05-7_b3z8CFQ.xml
PK0001815:90,JP_21-465-_-y05-7-29-I-2,"Kingston, Cromwell Road",tfl_21-465-_-y05-7_b3z8CFQ.xml
PK0001815:90,JP_21-465-_-y05-7-34-I-2,"Kingston, Cromwell Road",tfl_21-465-_-y05-7_b3z8CFQ.xml
PK0001815:90,JP_21-465-_-y05-7-35-I-2,"Kingston, Cromwell Road",tfl_21-465-_-y05-7_b3z8CFQ.xml
PK0001815:90,JP_21-465-_-y05-7-36-I-2,"Kingston, Cromwell Road",tfl_21-465-_-y05-7_b3z8CFQ.xml
PK0001815:90,JP_21-465-_-y05-7-37-I-2,"Kingston, Cromwell Road",tfl_21-465-_-y05-7_b3z8CFQ.xml
PK0001815:90,JP_21-465-_-y05-7-40-I-2,"Kingston, Cromwell Road",tfl_21-465-_-y05-7_b3z8CFQ.xml
PK0001815:90,JP_21-465-_-y05-7-43-I-2,"Kingston, Cromwell Road",tfl_21-465-_-y05-7_b3z8CFQ.xml
PK0001815:90,JP_21-465-_-y05-7-44-I-2,"Kingston, Cromwell Road",tfl_21-465-_-y05-7_b3z8CFQ.xml
PK0001815:90,JP_21-465-_-y05-7-2-O-3,Dorking,tfl_21-465-_-y05-7_b3z8CFQ.xml
PK0001815:90,JP_21-465-_-y05-7-3-O-3,Dorking,tfl_21-465-_-y05-7_b3z8CFQ.xml
PK0001815:90,JP_21-465-_-y05-7-5-O-3,Dorking,tfl_21-465-_-y05-7_b3z8CFQ.xml
PK0001815:90,JP_21-465-_-y05-7-6-O-3,Dorking,tfl_21-465-_-y05-7_b3z8CFQ.xml
PK0001815:90,JP_21-465-_-y05-7-9-O-3,Dorking,tfl_21-465-_-y05-7_b3z8CFQ.xml
PK0001815:90,JP_21-465-_-y05-7-14-O-3,Dorking,tfl_21-465-_-y05-7_b3z8CFQ.xml
PK0001815:90,JP_21-465-_-y05-7-16-O-3,Dorking,tfl_21-465-_-y05-7_b3z8CFQ.xml
PK0001815:90,JP_21-465-_-y05-7-18-O-3,Dorking,tfl_21-465-_-y05-7_b3z8CFQ.xml
PK0001815:90,JP_21-465-_-y05-7-28-O-3,Dorking,tfl_21-465-_-y05-7_b3z8CFQ.xml
PK0001815:90,JP_21-465-_-y05-7-31-O-3,Dorking,tfl_21-465-_-y05-7_b3z8CFQ.xml
PK0001815:90,JP_21-465-_-y05-7-32-O-3,Dorking,tfl_21-465-_-y05-7_b3z8CFQ.xml
PK0001815:90,JP_21-465-_-y05-7-36-O-3,Dorking,tfl_21-465-_-y05-7_b3z8CFQ.xml
PK0001815:90,JP_21-465-_-y05-7-4-I-1,Kingston Upon Thames (London),tfl_21-465-_-y05-7_b3z8CFQ.xml
PK0001815:90,JP_21-465-_-y05-7-5-I-1,Kingston Upon Thames (London),tfl_21-465-_-y05-7_b3z8CFQ.xml
PK0001815:90,JP_21-465-_-y05-7-7-I-1,Kingston Upon Thames (London),tfl_21-465-_-y05-7_b3z8CFQ.xml
PK0001815:90,JP_21-465-_-y05-7-8-I-1,Kingston Upon Thames (London),tfl_21-465-_-y05-7_b3z8CFQ.xml
PK0001815:90,JP_21-465-_-y05-7-15-I-2,"Kingston, Cromwell Road",tfl_21-465-_-y05-7_b3z8CFQ.xml
PK0001815:90,JP_21-465-_-y05-7-16-I-2,"Kingston, Cromwell Road",tfl_21-465-_-y05-7_b3z8CFQ.xml
PK0001815:90,JP_21-465-_-y05-7-21-I-2,"Kingston, Cromwell Road",tfl_21-465-_-y05-7_b3z8CFQ.xml
PK0001815:90,JP_21-465-_-y05-7-23-I-2,"Kingston, Cromwell Road",tfl_21-465-_-y05-7_b3z8CFQ.xml
PK0001815:90,JP_21-465-_-y05-7-25-I-2,"Kingston, Cromwell Road",tfl_21-465-_-y05-7_b3z8CFQ.xml
PK0001815:90,JP_21-465-_-y05-7-26-I-2,"Kingston, Cromwell Road",tfl_21-465-_-y05-7_b3z8CFQ.xml
PK0001815:90,JP_21-465-_-y05-7-32-I-2,"Kingston, Cromwell Road",tfl_21-465-_-y05-7_b3z8CFQ.xml
PK0001815:90,JP_21-465-_-y05-7-39-I-2,"Kingston, Cromwell Road",tfl_21-465-_-y05-7_b3z8CFQ.xml
PK0001815:90,JP_21-465-_-y05-7-45-I-2,"Kingston, Cromwell Road",tfl_21-465-_-y05-7_b3z8CFQ.xml
PK0001815:90,JP_21-465-_-y05-7-46-I-2,"Kingston, Cromwell Road",tfl_21-465-_-y05-7_b3z8CFQ.xml
PK0001815:90,JP_21-465-_-y05-7-47-I-2,"Kingston, Cromwell Road",tfl_21-465-_-y05-7_b3z8CFQ.xml
PK0001815:90,JP_21-465-_-y05-7-49-I-2,"Kingston, Cromwell Road",tfl_21-465-_-y05-7_b3z8CFQ.xml
PK0001815:90,JP_21-465-_-y05-7-50-I-2,"Kingston, Cromwell Road",tfl_21-465-_-y05-7_b3z8CFQ.xml
PK0001815:90,JP_21-465-_-y05-7-51-I-2,"Kingston, Cromwell Road",tfl_21-465-_-y05-7_b3z8CFQ.xml
PK0001815:90,JP_21-465-_-y05-7-53-I-2,"Kingston, Cromwell Road",tfl_21-465-_-y05-7_b3z8CFQ.xml
PK0001815:90,JP_21-465-_-y05-7-54-I-2,"Kingston, Cromwell Road",tfl_21-465-_-y05-7_b3z8CFQ.xml
PK0001815:90,JP_21-465-_-y05-7-55-I-2,"Kingston, Cromwell Road",tfl_21-465-_-y05-7_b3z8CFQ.xml
PK0001815:90,JP_21-465-_-y05-7-60-I-2,"Kingston, Cromwell Road",tfl_21-465-_-y05-7_b3z8CFQ.xml
PK0001815:90,JP_21-465-_-y05-7-63-I-2,"Kingston, Cromwell Road",tfl_21-465-_-y05-7_b3z8CFQ.xml
PK0001815:90,JP_21-465-_-y05-7-64-I-2,"Kingston, Cromwell Road",tfl_21-465-_-y05-7_b3z8CFQ.xml
PK0001815:90,JP_21-465-_-y05-7-65-I-2,"Kingston, Cromwell Road",tfl_21-465-_-y05-7_b3z8CFQ.xml
PK0001815:90,JP_21-465-_-y05-7-66-I-2,"Kingston, Cromwell Road",tfl_21-465-_-y05-7_b3z8CFQ.xml
PK0001815:90,JP_21-465-_-y05-7-13-O-3,Dorking,tfl_21-465-_-y05-7_b3z8CFQ.xml
PK0001815:90,JP_21-465-_-y05-7-15-O-3,Dorking,tfl_21-465-_-y05-7_b3z8CFQ.xml
PK0001815:90,JP_21-465-_-y05-7-17-O-3,Dorking,tfl_21-465-_-y05-7_b3z8CFQ.xml
PK0001815:90,JP_21-465-_-y05-7-19-O-3,Dorking,tfl_21-465-_-y05-7_b3z8CFQ.xml
PK0001815:90,JP_21-465-_-y05-7-27-O-3,Dorking,tfl_21-465-_-y05-7_b3z8CFQ.xml
PK0001815:90,JP_21-465-_-y05-7-29-O-3,Dorking,tfl_21-465-_-y05-7_b3z8CFQ.xml
PK0001815:90,JP_21-465-_-y05-7-37-O-3,Dorking,tfl_21-465-_-y05-7_b3z8CFQ.xml
PK0001815:90,JP_21-465-_-y05-7-38-O-3,Dorking,tfl_21-465-_-y05-7_b3z8CFQ.xml
PK0001815:90,JP_21-465-_-y05-7-39-O-3,Dorking,tfl_21-465-_-y05-7_b3z8CFQ.xml
PK0001815:90,JP_21-465-_-y05-7-40-O-3,Dorking,tfl_21-465-_-y05-7_b3z8CFQ.xml
PK0001815:90,JP_21-465-_-y05-7-41-O-3,Dorking,tfl_21-465-_-y05-7_b3z8CFQ.xml
PK0001815:90,JP_21-465-_-y05-7-42-O-3,Dorking,tfl_21-465-_-y05-7_b3z8CFQ.xml
PK0001815:90,JP_21-465-_-y05-7-43-O-3,Dorking,tfl_21-465-_-y05-7_b3z8CFQ.xml
PK0001815:90,JP_21-465-_-y05-7-44-O-3,Dorking,tfl_21-465-_-y05-7_b3z8CFQ.xml
PK0001815:90,JP_21-465-_-y05-7-45-O-3,Dorking,tfl_21-465-_-y05-7_b3z8CFQ.xml
PK0001815:90,JP_21-465-_-y05-7-46-O-3,Dorking,tfl_21-465-_-y05-7_b3z8CFQ.xml
PK0001815:90,JP_21-465-_-y05-7-54-O-3,Dorking,tfl_21-465-_-y05-7_b3z8CFQ.xml
PK0001815:90,JP_21-465-_-y05-7-55-O-3,Dorking,tfl_21-465-_-y05-7_b3z8CFQ.xml
PK0001815:90,JP_21-465-_-y05-7-56-O-3,Dorking,tfl_21-465-_-y05-7_b3z8CFQ.xml
PK0001815:90,JP_21-465-_-y05-7-57-O-3,Dorking,tfl_21-465-_-y05-7_b3z8CFQ.xml
PK0001815:90,JP_21-465-_-y05-7-58-O-3,Dorking,tfl_21-465-_-y05-7_b3z8CFQ.xml
PK0001815:15,JP_21-R68-_-y05-58885-5-I-1,Kew Gardens,tfl_21-R68-_-y05-58885.xml
PK0001815:15,JP_21-R68-_-y05-58885-6-I-1,Kew Gardens,tfl_21-R68-_-y05-58885.xml
PK0001815:15,JP_21-R68-_-y05-58885-8-I-1,Kew Gardens,tfl_21-R68-_-y05-58885.xml
PK0001815:15,JP_21-R68-_-y05-58885-12-I-1,Kew Gardens,tfl_21-R68-_-y05-58885.xml
PK0001815:15,JP_21-R68-_-y05-58885-16-I-1,Kew Gardens,tfl_21-R68-_-y05-58885.xml
PK0001815:15,JP_21-R68-_-y05-58885-18-I-1,Kew Gardens,tfl_21-R68-_-y05-58885.xml
PK0001815:15,JP_21-R68-_-y05-58885-20-I-1,Kew Gardens,tfl_21-R68-_-y05-58885.xml
PK0001815:15,JP_21-R68-_-y05-58885-25-I-1,Kew Gardens,tfl_21-R68-_-y05-58885.xml
PK0001815:15,JP_21-R68-_-y05-58885-26-I-1,Kew Gardens,tfl_21-R68-_-y05-58885.xml
PK0001815:15,JP_21-R68-_-y05-58885-27-I-1,Kew Gardens,tfl_21-R68-_-y05-58885.xml
PK0001815:15,JP_21-R68-_-y05-58885-31-I-1,Kew Gardens,tfl_21-R68-_-y05-58885.xml
PK0001815:15,JP_21-R68-_-y05-58885-34-I-1,Kew Gardens,tfl_21-R68-_-y05-58885.xml
PK0001815:15,JP_21-R68-_-y05-58885-35-I-1,Kew Gardens,tfl_21-R68-_-y05-58885.xml
PK0001815:15,JP_21-R68-_-y05-58885-37-I-1,Kew Gardens,tfl_21-R68-_-y05-58885.xml
PK0001815:15,JP_21-R68-_-y05-58885-38-I-1,Kew Gardens,tfl_21-R68-_-y05-58885.xml
PK0001815:15,JP_21-R68-_-y05-58885-42-I-1,Kew Gardens,tfl_21-R68-_-y05-58885.xml
PK0001815:15,JP_21-R68-_-y05-58885-43-I-1,Kew Gardens,tfl_21-R68-_-y05-58885.xml
PK0001815:15,JP_21-R68-_-y05-58885-47-I-1,Kew Gardens,tfl_21-R68-_-y05-58885.xml
PK0001815:15,JP_21-R68-_-y05-58885-53-I-1,Kew Gardens,tfl_21-R68-_-y05-58885.xml
PK0001815:15,JP_21-R68-_-y05-58885-54-I-1,Kew Gardens,tfl_21-R68-_-y05-58885.xml
PK0001815:15,JP_21-R68-_-y05-58885-55-I-1,Kew Gardens,tfl_21-R68-_-y05-58885.xml
PK0001815:15,JP_21-R68-_-y05-58885-56-I-1,Kew Gardens,tfl_21-R68-_-y05-58885.xml
PK0001815:15,JP_21-R68-_-y05-58885-63-I-1,Kew Gardens,tfl_21-R68-_-y05-58885.xml
PK0001815:15,JP_21-R68-_-y05-58885-66-I-1,Kew Gardens,tfl_21-R68-_-y05-58885.xml
PK0001815:15,JP_21-R68-_-y05-58885-67-I-1,Kew Gardens,tfl_21-R68-_-y05-58885.xml
PK0001815:15,JP_21-R68-_-y05-58885-77-I-1,Kew Gardens,tfl_21-R68-_-y05-58885.xml
PK0001815:15,JP_21-R68-_-y05-58885-78-I-1,Kew Gardens,tfl_21-R68-_-y05-58885.xml
PK0001815:15,JP_21-R68-_-y05-58885-79-I-1,Kew Gardens,tfl_21-R68-_-y05-58885.xml
PK0001815:15,JP_21-R68-_-y05-58885-80-I-1,Kew Gardens,tfl_21-R68-_-y05-58885.xml
PK0001815:15,JP_21-R68-_-y05-58885-90-I-1,Kew Gardens,tfl_21-R68-_-y05-58885.xml
PK0001815:15,JP_21-R68-_-y05-58885-91-I-1,Kew Gardens,tfl_21-R68-_-y05-58885.xml
PK0001815:15,JP_21-R68-_-y05-58885-92-I-1,Kew Gardens,tfl_21-R68-_-y05-58885.xml
PK0001815:15,JP_21-R68-_-y05-58885-93-I-1,Kew Gardens,tfl_21-R68-_-y05-58885.xml
PK0001815:15,JP_21-R68-_-y05-58885-94-I-1,Kew Gardens,tfl_21-R68-_-y05-58885.xml
PK0001815:15,JP_21-R68-_-y05-58885-98-I-1,Kew Gardens,tfl_21-R68-_-y05-58885.xml
PK0001815:15,JP_21-R68-_-y05-58885-99-I-1,Kew Gardens,tfl_21-R68-_-y05-58885.xml
PK0001815:15,JP_21-R68-_-y05-58885-100-I-1,Kew Gardens,tfl_21-R68-_-y05-58885.xml
PK0001815:15,JP_21-R68-_-y05-58885-101-I-1,Kew Gardens,tfl_21-R68-_-y05-58885.xml
PK0001815:15,JP_21-R68-_-y05-58885-102-I-1,Kew Gardens,tfl_21-R68-_-y05-58885.xml
PK0001815:15,JP_21-R68-_-y05-58885-104-I-1,Kew Gardens,tfl_21-R68-_-y05-58885.xml
PK0001815:15,JP_21-R68-_-y05-58885-105-I-1,Kew Gardens,tfl_21-R68-_-y05-58885.xml
PK0001815:15,JP_21-R68-_-y05-58885-106-I-1,Kew Gardens,tfl_21-R68-_-y05-58885.xml
PK0001815:15,JP_21-R68-_-y05-58885-107-I-1,Kew Gardens,tfl_21-R68-_-y05-58885.xml
PK0001815:15,JP_21-R68-_-y05-58885-1-O-2,East Molesey,tfl_21-R68-_-y05-58885.xml
PK0001815:15,JP_21-R68-_-y05-58885-3-O-2,East Molesey,tfl_21-R68-_-y05-58885.xml
PK0001815:15,JP_21-R68-_-y05-58885-16-O-2,East Molesey,tfl_21-R68-_-y05-58885.xml
PK0001815:15,JP_21-R68-_-y05-58885-17-O-2,East Molesey,tfl_21-R68-_-y05-58885.xml
PK0001815:15,JP_21-R68-_-y05-58885-19-O-2,East Molesey,tfl_21-R68-_-y05-58885.xml
PK0001815:15,JP_21-R68-_-y05-58885-20-O-2,East Molesey,tfl_21-R68-_-y05-58885.xml
PK0001815:15,JP_21-R68-_-y05-58885-23-O-2,East Molesey,tfl_21-R68-_-y05-58885.xml
PK0001815:15,JP_21-R68-_-y05-58885-24-O-2,East Molesey,tfl_21-R68-_-y05-58885.xml
PK0001815:15,JP_21-R68-_-y05-58885-25-O-2,East Molesey,tfl_21-R68-_-y05-58885.xml
PK0001815:15,JP_21-R68-_-y05-58885-26-O-2,East Molesey,tfl_21-R68-_-y05-58885.xml
PK0001815:15,JP_21-R68-_-y05-58885-27-O-2,East Molesey,tfl_21-R68-_-y05-58885.xml
PK0001815:15,JP_21-R68-_-y05-58885-34-O-2,East Molesey,tfl_21-R68-_-y05-58885.xml
PK0001815:15,JP_21-R68-_-y05-58885-35-O-2,East Molesey,tfl_21-R68-_-y05-58885.xml
PK0001815:15,JP_21-R68-_-y05-58885-37-O-2,East Molesey,tfl_21-R68-_-y05-58885.xml
PK0001815:15,JP_21-R68-_-y05-58885-46-O-2,East Molesey,tfl_21-R68-_-y05-58885.xml
PK0001815:15,JP_21-R68-_-y05-58885-47-O-2,East Molesey,tfl_21-R68-_-y05-58885.xml
PK0001815:15,JP_21-R68-_-y05-58885-55-O-2,East Molesey,tfl_21-R68-_-y05-58885.xml
PK0001815:15,JP_21-R68-_-y05-58885-58-O-2,East Molesey,tfl_21-R68-_-y05-58885.xml
PK0001815:15,JP_21-R68-_-y05-58885-59-O-2,East Molesey,tfl_21-R68-_-y05-58885.xml
PK0001815:15,JP_21-R68-_-y05-58885-60-O-2,East Molesey,tfl_21-R68-_-y05-58885.xml
PK0001815:15,JP_21-R68-_-y05-58885-61-O-2,East Molesey,tfl_21-R68-_-y05-58885.xml
PK0001815:15,JP_21-R68-_-y05-58885-68-O-2,East Molesey,tfl_21-R68-_-y05-58885.xml
PK0001815:15,JP_21-R68-_-y05-58885-69-O-2,East Molesey,tfl_21-R68-_-y05-58885.xml
PK0001815:15,JP_21-R68-_-y05-58885-70-O-2,East Molesey,tfl_21-R68-_-y05-58885.xml
PK0001815:15,JP_21-R68-_-y05-58885-71-O-2,East Molesey,tfl_21-R68-_-y05-58885.xml
PK0001815:15,JP_21-R68-_-y05-58885-72-O-2,East Molesey,tfl_21-R68-_-y05-58885.xml
PK0001815:15,JP_21-R68-_-y05-58885-73-O-2,East Molesey,tfl_21-R68-_-y05-58885.xml
PK0001815:15,JP_21-R68-_-y05-58885-74-O-2,East Molesey,tfl_21-R68-_-y05-58885.xml
PK0001815:15,JP_21-R68-_-y05-58885-87-O-2,East Molesey,tfl_21-R68-_-y05-58885.xml
PK0001815:15,JP_21-R68-_-y05-58885-88-O-2,East Molesey,tfl_21-R68-_-y05-58885.xml
PK0001815:15,JP_21-R68-_-y05-58885-89-O-2,East Molesey,tfl_21-R68-_-y05-58885.xml
PK0001815:15,JP_21-R68-_-y05-58885-90-O-2,East Molesey,tfl_21-R68-_-y05-58885.xml
PK0001815:15,JP_21-R68-_-y05-58885-91-O-2,East Molesey,tfl_21-R68-_-y05-58885.xml
PK0001815:15,JP_21-R68-_-y05-58885-92-O-2,East Molesey,tfl_21-R68-_-y05-58885.xml
PK0001815:15,JP_21-R68-_-y05-58885-93-O-2,East Molesey,tfl_21-R68-_-y05-58885.xml
PK0001815:15,JP_21-R68-_-y05-58885-1-I-1,Kew Gardens,tfl_21-R68-_-y05-58885.xml
PK0001815:15,JP_21-R68-_-y05-58885-2-I-1,Kew Gardens,tfl_21-R68-_-y05-58885.xml
PK0001815:15,JP_21-R68-_-y05-58885-3-I-1,Kew Gardens,tfl_21-R68-_-y05-58885.xml
PK0001815:15,JP_21-R68-_-y05-58885-4-I-1,Kew Gardens,tfl_21-R68-_-y05-58885.xml
PK0001815:15,JP_21-R68-_-y05-58885-7-I-1,Kew Gardens,tfl_21-R68-_-y05-58885.xml
PK0001815:15,JP_21-R68-_-y05-58885-10-I-1,Kew Gardens,tfl_21-R68-_-y05-58885.xml
PK0001815:15,JP_21-R68-_-y05-58885-11-I-1,Kew Gardens,tfl_21-R68-_-y05-58885.xml
PK0001815:15,JP_21-R68-_-y05-58885-14-I-1,Kew Gardens,tfl_21-R68-_-y05-58885.xml
PK0001815:15,JP_21-R68-_-y05-58885-17-I-1,Kew Gardens,tfl_21-R68-_-y05-58885.xml
PK0001815:15,JP_21-R68-_-y05-58885-21-I-1,Kew Gardens,tfl_21-R68-_-y05-58885.xml
PK0001815:15,JP_21-R68-_-y05-58885-22-I-1,Kew Gardens,tfl_21-R68-_-y05-58885.xml
PK0001815:15,JP_21-R68-_-y05-58885-23-I-1,Kew Gardens,tfl_21-R68-_-y05-58885.xml
PK0001815:15,JP_21-R68-_-y05-58885-24-I-1,Kew Gardens,tfl_21-R68-_-y05-58885.xml
PK0001815:15,JP_21-R68-_-y05-58885-29-I-1,Kew Gardens,tfl_21-R68-_-y05-58885.xml
PK0001815:15,JP_21-R68-_-y05-58885-30-I-1,Kew Gardens,tfl_21-R68-_-y05-58885.xml
PK0001815:15,JP_21-R68-_-y05-58885-32-I-1,Kew Gardens,tfl_21-R68-_-y05-58885.xml
PK0001815:15,JP_21-R68-_-y05-58885-33-I-1,Kew Gardens,tfl_21-R68-_-y05-58885.xml
PK0001815:15,JP_21-R68-_-y05-58885-39-I-1,Kew Gardens,tfl_21-R68-_-y05-58885.xml
PK0001815:15,JP_21-R68-_-y05-58885-40-I-1,Kew Gardens,tfl_21-R68-_-y05-58885.xml
PK0001815:15,JP_21-R68-_-y05-58885-44-I-1,Kew Gardens,tfl_21-R68-_-y05-58885.xml
PK0001815:15,JP_21-R68-_-y05-58885-45-I-1,Kew Gardens,tfl_21-R68-_-y05-58885.xml
PK0001815:15,JP_21-R68-_-y05-58885-46-I-1,Kew Gardens,tfl_21-R68-_-y05-58885.xml
PK0001815:15,JP_21-R68-_-y05-58885-48-I-1,Kew Gardens,tfl_21-R68-_-y05-58885.xml
PK0001815:15,JP_21-R68-_-y05-58885-57-I-1,Kew Gardens,tfl_21-R68-_-y05-58885.xml
PK0001815:15,JP_21-R68-_-y05-58885-58-I-1,Kew Gardens,tfl_21-R68-_-y05-58885.xml
PK0001815:15,JP_21-R68-_-y05-58885-59-I-1,Kew Gardens,tfl_21-R68-_-y05-58885.xml
PK0001815:15,JP_21-R68-_-y05-58885-60-I-1,Kew Gardens,tfl_21-R68-_-y05-58885.xml
PK0001815:15,JP_21-R68-_-y05-58885-61-I-1,Kew Gardens,tfl_21-R68-_-y05-58885.xml
PK0001815:15,JP_21-R68-_-y05-58885-62-I-1,Kew Gardens,tfl_21-R68-_-y05-58885.xml
PK0001815:15,JP_21-R68-_-y05-58885-64-I-1,Kew Gardens,tfl_21-R68-_-y05-58885.xml
PK0001815:15,JP_21-R68-_-y05-58885-65-I-1,Kew Gardens,tfl_21-R68-_-y05-58885.xml
PK0001815:15,JP_21-R68-_-y05-58885-68-I-1,Kew Gardens,tfl_21-R68-_-y05-58885.xml
PK0001815:15,JP_21-R68-_-y05-58885-69-I-1,Kew Gardens,tfl_21-R68-_-y05-58885.xml
PK0001815:15,JP_21-R68-_-y05-58885-2-O-2,East Molesey,tfl_21-R68-_-y05-58885.xml
PK0001815:15,JP_21-R68-_-y05-58885-4-O-2,East Molesey,tfl_21-R68-_-y05-58885.xml
PK0001815:15,JP_21-R68-_-y05-58885-5-O-2,East Molesey,tfl_21-R68-_-y05-58885.xml
PK0001815:15,JP_21-R68-_-y05-58885-6-O-2,East Molesey,tfl_21-R68-_-y05-58885.xml
PK0001815:15,JP_21-R68-_-y05-58885-7-O-2,East Molesey,tfl_21-R68-_-y05-58885.xml
PK0001815:15,JP_21-R68-_-y05-58885-8-O-2,East Molesey,tfl_21-R68-_-y05-58885.xml
PK0001815:15,JP_21-R68-_-y05-58885-9-O-2,East Molesey,tfl_21-R68-_-y05-58885.xml
PK0001815:15,JP_21-R68-_-y05-58885-10-O-2,East Molesey,tfl_21-R68-_-y05-58885.xml
PK0001815:15,JP_21-R68-_-y05-58885-13-O-2,East Molesey,tfl_21-R68-_-y05-58885.xml
PK0001815:15,JP_21-R68-_-y05-58885-14-O-2,East Molesey,tfl_21-R68-_-y05-58885.xml
PK0001815:15,JP_21-R68-_-y05-58885-31-O-2,East Molesey,tfl_21-R68-_-y05-58885.xml
PK0001815:15,JP_21-R68-_-y05-58885-32-O-2,East Molesey,tfl_21-R68-_-y05-58885.xml
PK0001815:15,JP_21-R68-_-y05-58885-33-O-2,East Molesey,tfl_21-R68-_-y05-58885.xml
PK0001815:15,JP_21-R68-_-y05-58885-36-O-2,East Molesey,tfl_21-R68-_-y05-58885.xml
PK0001815:15,JP_21-R68-_-y05-58885-39-O-2,East Molesey,tfl_21-R68-_-y05-58885.xml
PK0001815:15,JP_21-R68-_-y05-58885-40-O-2,East Molesey,tfl_21-R68-_-y05-58885.xml
PK0001815:15,JP_21-R68-_-y05-58885-41-O-2,East Molesey,tfl_21-R68-_-y05-58885.xml
PK0001815:15,JP_21-R68-_-y05-58885-43-O-2,East Molesey,tfl_21-R68-_-y05-58885.xml
PK0001815:15,JP_21-R68-_-y05-58885-44-O-2,East Molesey,tfl_21-R68-_-y05-58885.xml
PK0001815:15,JP_21-R68-_-y05-58885-45-O-2,East Molesey,tfl_21-R68-_-y05-58885.xml
PK0001815:15,JP_21-R68-_-y05-58885-48-O-2,East Molesey,tfl_21-R68-_-y05-58885.xml
PK0001815:15,JP_21-R68-_-y05-58885-49-O-2,East Molesey,tfl_21-R68-_-y05-58885.xml
PK0001815:15,JP_21-R68-_-y05-58885-50-O-2,East Molesey,tfl_21-R68-_-y05-58885.xml
PK0001815:15,JP_21-R68-_-y05-58885-51-O-2,East Molesey,tfl_21-R68-_-y05-58885.xml
PK0001815:15,JP_21-R68-_-y05-58885-52-O-2,East Molesey,tfl_21-R68-_-y05-58885.xml
PK0001815:15,JP_21-R68-_-y05-58885-53-O-2,East Molesey,tfl_21-R68-_-y05-58885.xml
PK0001815:15,JP_21-R68-_-y05-58885-62-O-2,East Molesey,tfl_21-R68-_-y05-58885.xml
PK0001815:15,JP_21-R68-_-y05-58885-63-O-2,East Molesey,tfl_21-R68-_-y05-58885.xml
PK0001815:15,JP_21-R68-_-y05-58885-64-O-2,East Molesey,tfl_21-R68-_-y05-58885.xml
PK0001815:15,JP_21-R68-_-y05-58885-65-O-2,East Molesey,tfl_21-R68-_-y05-58885.xml
PK0001815:15,JP_21-R68-_-y05-58885-66-O-2,East Molesey,tfl_21-R68-_-y05-58885.xml
PK0001815:15,JP_21-R68-_-y05-58885-67-O-2,East Molesey,tfl_21-R68-_-y05-58885.xml
PK0001815:15,JP_21-R68-_-y05-58885-9-I-1,Kew Gardens,tfl_21-R68-_-y05-58885.xml
PK0001815:15,JP_21-R68-_-y05-58885-13-I-1,Kew Gardens,tfl_21-R68-_-y05-58885.xml
PK0001815:15,JP_21-R68-_-y05-58885-15-I-1,Kew Gardens,tfl_21-R68-_-y05-58885.xml
PK0001815:15,JP_21-R68-_-y05-58885-19-I-1,Kew Gardens,tfl_21-R68-_-y05-58885.xml
PK0001815:15,JP_21-R68-_-y05-58885-28-I-1,Kew Gardens,tfl_21-R68-_-y05-58885.xml
PK0001815:15,JP_21-R68-_-y05-58885-36-I-1,Kew Gardens,tfl_21-R68-_-y05-58885.xml
PK0001815:15,JP_21-R68-_-y05-58885-41-I-1,Kew Gardens,tfl_21-R68-_-y05-58885.xml
PK0001815:15,JP_21-R68-_-y05-58885-49-I-1,Kew Gardens,tfl_21-R68-_-y05-58885.xml
PK0001815:15,JP_21-R68-_-y05-58885-50-I-1,Kew Gardens,tfl_21-R68-_-y05-58885.xml
PK0001815:15,JP_21-R68-_-y05-58885-51-I-1,Kew Gardens,tfl_21-R68-_-y05-58885.xml
PK0001815:15,JP_21-R68-_-y05-58885-52-I-1,Kew Gardens,tfl_21-R68-_-y05-58885.xml
PK0001815:15,JP_21-R68-_-y05-58885-70-I-1,Kew Gardens,tfl_21-R68-_-y05-58885.xml
PK0001815:15,JP_21-R68-_-y05-58885-71-I-1,Kew Gardens,tfl_21-R68-_-y05-58885.xml
PK0001815:15,JP_21-R68-_-y05-58885-72-I-1,Kew Gardens,tfl_21-R68-_-y05-58885.xml
PK0001815:15,JP_21-R68-_-y05-58885-73-I-1,Kew Gardens,tfl_21-R68-_-y05-58885.xml
PK0001815:15,JP_21-R68-_-y05-58885-74-I-1,Kew Gardens,tfl_21-R68-_-y05-58885.xml
PK0001815:15,JP_21-R68-_-y05-58885-75-I-1,Kew Gardens,tfl_21-R68-_-y05-58885.xml
PK0001815:15,JP_21-R68-_-y05-58885-76-I-1,Kew Gardens,tfl_21-R68-_-y05-58885.xml
PK0001815:15,JP_21-R68-_-y05-58885-81-I-1,Kew Gardens,tfl_21-R68-_-y05-58885.xml
PK0001815:15,JP_21-R68-_-y05-58885-82-I-1,Kew Gardens,tfl_21-R68-_-y05-58885.xml
PK0001815:15,JP_21-R68-_-y05-58885-83-I-1,Kew Gardens,tfl_21-R68-_-y05-58885.xml
PK0001815:15,JP_21-R68-_-y05-58885-84-I-1,Kew Gardens,tfl_21-R68-_-y05-58885.xml
PK0001815:15,JP_21-R68-_-y05-58885-85-I-1,Kew Gardens,tfl_21-R68-_-y05-58885.xml
PK0001815:15,JP_21-R68-_-y05-58885-86-I-1,Kew Gardens,tfl_21-R68-_-y05-58885.xml
PK0001815:15,JP_21-R68-_-y05-58885-87-I-1,Kew Gardens,tfl_21-R68-_-y05-58885.xml
PK0001815:15,JP_21-R68-_-y05-58885-88-I-1,Kew Gardens,tfl_21-R68-_-y05-58885.xml
PK0001815:15,JP_21-R68-_-y05-58885-89-I-1,Kew Gardens,tfl_21-R68-_-y05-58885.xml
PK0001815:15,JP_21-R68-_-y05-58885-95-I-1,Kew Gardens,tfl_21-R68-_-y05-58885.xml
PK0001815:15,JP_21-R68-_-y05-58885-96-I-1,Kew Gardens,tfl_21-R68-_-y05-58885.xml
PK0001815:15,JP_21-R68-_-y05-58885-97-I-1,Kew Gardens,tfl_21-R68-_-y05-58885.xml
PK0001815:15,JP_21-R68-_-y05-58885-103-I-1,Kew Gardens,tfl_21-R68-_-y05-58885.xml
PK0001815:15,JP_21-R68-_-y05-58885-108-I-1,Kew Gardens,tfl_21-R68-_-y05-58885.xml
PK0001815:15,JP_21-R68-_-y05-58885-109-I-1,Kew Gardens,tfl_21-R68-_-y05-58885.xml
PK0001815:15,JP_21-R68-_-y05-58885-11-O-2,East Molesey,tfl_21-R68-_-y05-58885.xml
PK0001815:15,JP_21-R68-_-y05-58885-12-O-2,East Molesey,tfl_21-R68-_-y05-58885.xml
PK0001815:15,JP_21-R68-_-y05-58885-15-O-2,East Molesey,tfl_21-R68-_-y05-58885.xml
PK0001815:15,JP_21-R68-_-y05-58885-18-O-2,East Molesey,tfl_21-R68-_-y05-58885.xml
PK0001815:15,JP_21-R68-_-y05-58885-21-O-2,East Molesey,tfl_21-R68-_-y05-58885.xml
PK0001815:15,JP_21-R68-_-y05-58885-22-O-2,East Molesey,tfl_21-R68-_-y05-58885.xml
PK0001815:15,JP_21-R68-_-y05-58885-28-O-2,East Molesey,tfl_21-R68-_-y05-58885.xml
PK0001815:15,JP_21-R68-_-y05-58885-29-O-2,East Molesey,tfl_21-R68-_-y05-58885.xml
PK0001815:15,JP_21-R68-_-y05-58885-30-O-2,East Molesey,tfl_21-R68-_-y05-58885.xml
PK0001815:15,JP_21-R68-_-y05-58885-38-O-2,East Molesey,tfl_21-R68-_-y05-58885.xml
PK0001815:15,JP_21-R68-_-y05-58885-42-O-2,East Molesey,tfl_21-R68-_-y05-58885.xml
PK0001815:15,JP_21-R68-_-y05-58885-54-O-2,East Molesey,tfl_21-R68-_-y05-58885.xml
PK0001815:15,JP_21-R68-_-y05-58885-56-O-2,East Molesey,tfl_21-R68-_-y05-58885.xml
PK0001815:15,JP_21-R68-_-y05-58885-57-O-2,East Molesey,tfl_21-R68-_-y05-58885.xml
PK0001815:15,JP_21-R68-_-y05-58885-75-O-2,East Molesey,tfl_21-R68-_-y05-58885.xml
PK0001815:15,JP_21-R68-_-y05-58885-76-O-2,East Molesey,tfl_21-R68-_-y05-58885.xml
PK0001815:15,JP_21-R68-_-y05-58885-77-O-2,East Molesey,tfl_21-R68-_-y05-58885.xml
PK0001815:15,JP_21-R68-_-y05-58885-78-O-2,East Molesey,tfl_21-R68-_-y05-58885.xml
PK0001815:15,JP_21-R68-_-y05-58885-79-O-2,East Molesey,tfl_21-R68-_-y05-58885.xml
PK0001815:15,JP_21-R68-_-y05-58885-80-O-2,East Molesey,tfl_21-R68-_-y05-58885.xml
PK0001815:15,JP_21-R68-_-y05-58885-81-O-2,East Molesey,tfl_21-R68-_-y05-58885.xml
PK0001815:15,JP_21-R68-_-y05-58885-82-O-2,East Molesey,tfl_21-R68-_-y05-58885.xml
PK0001815:15,JP_21-R68-_-y05-58885-83-O-2,East Molesey,tfl_21-R68-_-y05-58885.xml
PK0001815:15,JP_21-R68-_-y05-58885-84-O-2,East Molesey,tfl_21-R68-_-y05-58885.xml
PK0001815:15,JP_21-R68-_-y05-58885-85-O-2,East Molesey,tfl_21-R68-_-y05-58885.xml
PK0001815:15,JP_21-R68-_-y05-58885-86-O-2,East Molesey,tfl_21-R68-_-y05-58885.xml
PK0001815:15,JP_21-R68-_-y05-58885-94-O-2,East Molesey,tfl_21-R68-_-y05-58885.xml
PK0001815:15,JP_21-R68-_-y05-58885-95-O-2,East Molesey,tfl_21-R68-_-y05-58885.xml
PK0001815:15,JP_21-R68-_-y05-58885-96-O-2,East Molesey,tfl_21-R68-_-y05-58885.xml
PK0001815:15,JP_21-R68-_-y05-58885-97-O-2,East Molesey,tfl_21-R68-_-y05-58885.xml
PK0001815:15,JP_21-R68-_-y05-58885-98-O-2,East Molesey,tfl_21-R68-_-y05-58885.xml
PK0001815:15,JP_21-R68-_-y05-58885-99-O-2,East Molesey,tfl_21-R68-_-y05-58885.xml
PK0001815:15,JP_21-R68-_-y05-58885-100-O-2,East Molesey,tfl_21-R68-_-y05-58885.xml
PK0001815:15,JP_21-R68-_-y05-58885-101-O-2,East Molesey,tfl_21-R68-_-y05-58885.xml
PK0001815:15,JP_21-R68-_-y05-58885-102-O-2,East Molesey,tfl_21-R68-_-y05-58885.xml
PK0001815:15,JP_21-R68-_-y05-58885-103-O-2,East Molesey,tfl_21-R68-_-y05-58885.xml
PK0001815:15,JP_21-R68-_-y05-58885-104-O-2,East Molesey,tfl_21-R68-_-y05-58885.xml
PK0001815:15,JP_21-R68-_-y05-58885-105-O-2,East Molesey,tfl_21-R68-_-y05-58885.xml
PK0001815:15,JP_21-R68-_-y05-58885-106-O-2,East Molesey,tfl_21-R68-_-y05-58885.xml
PK0001815:15,JP_21-R68-_-y05-58885-107-O-2,East Molesey,tfl_21-R68-_-y05-58885.xml
PK0001815:15,JP_21-R68-_-y05-58885-5-I-1,Kew Gardens,tfl_21-R68-_-y05-58885_glMYlIz.xml
PK0001815:15,JP_21-R68-_-y05-58885-6-I-1,Kew Gardens,tfl_21-R68-_-y05-58885_glMYlIz.xml
PK0001815:15,JP_21-R68-_-y05-58885-8-I-1,Kew Gardens,tfl_21-R68-_-y05-58885_glMYlIz.xml
PK0001815:15,JP_21-R68-_-y05-58885-12-I-1,Kew Gardens,tfl_21-R68-_-y05-58885_glMYlIz.xml
PK0001815:15,JP_21-R68-_-y05-58885-16-I-1,Kew Gardens,tfl_21-R68-_-y05-58885_glMYlIz.xml
PK0001815:15,JP_21-R68-_-y05-58885-18-I-1,Kew Gardens,tfl_21-R68-_-y05-58885_glMYlIz.xml
PK0001815:15,JP_21-R68-_-y05-58885-20-I-1,Kew Gardens,tfl_21-R68-_-y05-58885_glMYlIz.xml
PK0001815:15,JP_21-R68-_-y05-58885-25-I-1,Kew Gardens,tfl_21-R68-_-y05-58885_glMYlIz.xml
PK0001815:15,JP_21-R68-_-y05-58885-26-I-1,Kew Gardens,tfl_21-R68-_-y05-58885_glMYlIz.xml
PK0001815:15,JP_21-R68-_-y05-58885-27-I-1,Kew Gardens,tfl_21-R68-_-y05-58885_glMYlIz.xml
PK0001815:15,JP_21-R68-_-y05-58885-31-I-1,Kew Gardens,tfl_21-R68-_-y05-58885_glMYlIz.xml
PK0001815:15,JP_21-R68-_-y05-58885-34-I-1,Kew Gardens,tfl_21-R68-_-y05-58885_glMYlIz.xml
PK0001815:15,JP_21-R68-_-y05-58885-35-I-1,Kew Gardens,tfl_21-R68-_-y05-58885_glMYlIz.xml
PK0001815:15,JP_21-R68-_-y05-58885-37-I-1,Kew Gardens,tfl_21-R68-_-y05-58885_glMYlIz.xml
PK0001815:15,JP_21-R68-_-y05-58885-38-I-1,Kew Gardens,tfl_21-R68-_-y05-58885_glMYlIz.xml
PK0001815:15,JP_21-R68-_-y05-58885-42-I-1,Kew Gardens,tfl_21-R68-_-y05-58885_glMYlIz.xml
PK0001815:15,JP_21-R68-_-y05-58885-43-I-1,Kew Gardens,tfl_21-R68-_-y05-58885_glMYlIz.xml
PK0001815:15,JP_21-R68-_-y05-58885-47-I-1,Kew Gardens,tfl_21-R68-_-y05-58885_glMYlIz.xml
PK0001815:15,JP_21-R68-_-y05-58885-53-I-1,Kew Gardens,tfl_21-R68-_-y05-58885_glMYlIz.xml
PK0001815:15,JP_21-R68-_-y05-58885-54-I-1,Kew Gardens,tfl_21-R68-_-y05-58885_glMYlIz.xml
PK0001815:15,JP_21-R68-_-y05-58885-55-I-1,Kew Gardens,tfl_21-R68-_-y05-58885_glMYlIz.xml
PK0001815:15,JP_21-R68-_-y05-58885-56-I-1,Kew Gardens,tfl_21-R68-_-y05-58885_glMYlIz.xml
PK0001815:15,JP_21-R68-_-y05-58885-63-I-1,Kew Gardens,tfl_21-R68-_-y05-58885_glMYlIz.xml
PK0001815:15,JP_21-R68-_-y05-58885-66-I-1,Kew Gardens,tfl_21-R68-_-y05-58885_glMYlIz.xml
PK0001815:15,JP_21-R68-_-y05-58885-67-I-1,Kew Gardens,tfl_21-R68-_-y05-58885_glMYlIz.xml
PK0001815:15,JP_21-R68-_-y05-58885-77-I-1,Kew Gardens,tfl_21-R68-_-y05-58885_glMYlIz.xml
PK0001815:15,JP_21-R68-_-y05-58885-78-I-1,Kew Gardens,tfl_21-R68-_-y05-58885_glMYlIz.xml
PK0001815:15,JP_21-R68-_-y05-58885-79-I-1,Kew Gardens,tfl_21-R68-_-y05-58885_glMYlIz.xml
PK0001815:15,JP_21-R68-_-y05-58885-80-I-1,Kew Gardens,tfl_21-R68-_-y05-58885_glMYlIz.xml
PK0001815:15,JP_21-R68-_-y05-58885-90-I-1,Kew Gardens,tfl_21-R68-_-y05-58885_glMYlIz.xml
PK0001815:15,JP_21-R68-_-y05-58885-91-I-1,Kew Gardens,tfl_21-R68-_-y05-58885_glMYlIz.xml
PK0001815:15,JP_21-R68-_-y05-58885-92-I-1,Kew Gardens,tfl_21-R68-_-y05-58885_glMYlIz.xml
PK0001815:15,JP_21-R68-_-y05-58885-93-I-1,Kew Gardens,tfl_21-R68-_-y05-58885_glMYlIz.xml
PK0001815:15,JP_21-R68-_-y05-58885-94-I-1,Kew Gardens,tfl_21-R68-_-y05-58885_glMYlIz.xml
PK0001815:15,JP_21-R68-_-y05-58885-98-I-1,Kew Gardens,tfl_21-R68-_-y05-58885_glMYlIz.xml
PK0001815:15,JP_21-R68-_-y05-58885-99-I-1,Kew Gardens,tfl_21-R68-_-y05-58885_glMYlIz.xml
PK0001815:15,JP_21-R68-_-y05-58885-100-I-1,Kew Gardens,tfl_21-R68-_-y05-58885_glMYlIz.xml
PK0001815:15,JP_21-R68-_-y05-58885-101-I-1,Kew Gardens,tfl_21-R68-_-y05-58885_glMYlIz.xml
PK0001815:15,JP_21-R68-_-y05-58885-102-I-1,Kew Gardens,tfl_21-R68-_-y05-58885_glMYlIz.xml
PK0001815:15,JP_21-R68-_-y05-58885-104-I-1,Kew Gardens,tfl_21-R68-_-y05-58885_glMYlIz.xml
PK0001815:15,JP_21-R68-_-y05-58885-105-I-1,Kew Gardens,tfl_21-R68-_-y05-58885_glMYlIz.xml
PK0001815:15,JP_21-R68-_-y05-58885-106-I-1,Kew Gardens,tfl_21-R68-_-y05-58885_glMYlIz.xml
PK0001815:15,JP_21-R68-_-y05-58885-107-I-1,Kew Gardens,tfl_21-R68-_-y05-58885_glMYlIz.xml
PK0001815:15,JP_21-R68-_-y05-58885-1-O-2,East Molesey,tfl_21-R68-_-y05-58885_glMYlIz.xml
PK0001815:15,JP_21-R68-_-y05-58885-3-O-2,East Molesey,tfl_21-R68-_-y05-58885_glMYlIz.xml
PK0001815:15,JP_21-R68-_-y05-58885-16-O-2,East Molesey,tfl_21-R68-_-y05-58885_glMYlIz.xml
PK0001815:15,JP_21-R68-_-y05-58885-17-O-2,East Molesey,tfl_21-R68-_-y05-58885_glMYlIz.xml
PK0001815:15,JP_21-R68-_-y05-58885-19-O-2,East Molesey,tfl_21-R68-_-y05-58885_glMYlIz.xml
PK0001815:15,JP_21-R68-_-y05-58885-20-O-2,East Molesey,tfl_21-R68-_-y05-58885_glMYlIz.xml
PK0001815:15,JP_21-R68-_-y05-58885-23-O-2,East Molesey,tfl_21-R68-_-y05-58885_glMYlIz.xml
PK0001815:15,JP_21-R68-_-y05-58885-24-O-2,East Molesey,tfl_21-R68-_-y05-58885_glMYlIz.xml
PK0001815:15,JP_21-R68-_-y05-58885-25-O-2,East Molesey,tfl_21-R68-_-y05-58885_glMYlIz.xml
PK0001815:15,JP_21-R68-_-y05-58885-26-O-2,East Molesey,tfl_21-R68-_-y05-58885_glMYlIz.xml
PK0001815:15,JP_21-R68-_-y05-58885-27-O-2,East Molesey,tfl_21-R68-_-y05-58885_glMYlIz.xml
PK0001815:15,JP_21-R68-_-y05-58885-34-O-2,East Molesey,tfl_21-R68-_-y05-58885_glMYlIz.xml
PK0001815:15,JP_21-R68-_-y05-58885-35-O-2,East Molesey,tfl_21-R68-_-y05-58885_glMYlIz.xml
PK0001815:15,JP_21-R68-_-y05-58885-37-O-2,East Molesey,tfl_21-R68-_-y05-58885_glMYlIz.xml
PK0001815:15,JP_21-R68-_-y05-58885-46-O-2,East Molesey,tfl_21-R68-_-y05-58885_glMYlIz.xml
PK0001815:15,JP_21-R68-_-y05-58885-47-O-2,East Molesey,tfl_21-R68-_-y05-58885_glMYlIz.xml
PK0001815:15,JP_21-R68-_-y05-58885-55-O-2,East Molesey,tfl_21-R68-_-y05-58885_glMYlIz.xml
PK0001815:15,JP_21-R68-_-y05-58885-58-O-2,East Molesey,tfl_21-R68-_-y05-58885_glMYlIz.xml
PK0001815:15,JP_21-R68-_-y05-58885-59-O-2,East Molesey,tfl_21-R68-_-y05-58885_glMYlIz.xml
PK0001815:15,JP_21-R68-_-y05-58885-60-O-2,East Molesey,tfl_21-R68-_-y05-58885_glMYlIz.xml
PK0001815:15,JP_21-R68-_-y05-58885-61-O-2,East Molesey,tfl_21-R68-_-y05-58885_glMYlIz.xml
PK0001815:15,JP_21-R68-_-y05-58885-68-O-2,East Molesey,tfl_21-R68-_-y05-58885_glMYlIz.xml
PK0001815:15,JP_21-R68-_-y05-58885-69-O-2,East Molesey,tfl_21-R68-_-y05-58885_glMYlIz.xml
PK0001815:15,JP_21-R68-_-y05-58885-70-O-2,East Molesey,tfl_21-R68-_-y05-58885_glMYlIz.xml
PK0001815:15,JP_21-R68-_-y05-58885-71-O-2,East Molesey,tfl_21-R68-_-y05-58885_glMYlIz.xml
PK0001815:15,JP_21-R68-_-y05-58885-72-O-2,East Molesey,tfl_21-R68-_-y05-58885_glMYlIz.xml
PK0001815:15,JP_21-R68-_-y05-58885-73-O-2,East Molesey,tfl_21-R68-_-y05-58885_glMYlIz.xml
PK0001815:15,JP_21-R68-_-y05-58885-74-O-2,East Molesey,tfl_21-R68-_-y05-58885_glMYlIz.xml
PK0001815:15,JP_21-R68-_-y05-58885-87-O-2,East Molesey,tfl_21-R68-_-y05-58885_glMYlIz.xml
PK0001815:15,JP_21-R68-_-y05-58885-88-O-2,East Molesey,tfl_21-R68-_-y05-58885_glMYlIz.xml
PK0001815:15,JP_21-R68-_-y05-58885-89-O-2,East Molesey,tfl_21-R68-_-y05-58885_glMYlIz.xml
PK0001815:15,JP_21-R68-_-y05-58885-90-O-2,East Molesey,tfl_21-R68-_-y05-58885_glMYlIz.xml
PK0001815:15,JP_21-R68-_-y05-58885-91-O-2,East Molesey,tfl_21-R68-_-y05-58885_glMYlIz.xml
PK0001815:15,JP_21-R68-_-y05-58885-92-O-2,East Molesey,tfl_21-R68-_-y05-58885_glMYlIz.xml
PK0001815:15,JP_21-R68-_-y05-58885-93-O-2,East Molesey,tfl_21-R68-_-y05-58885_glMYlIz.xml
PK0001815:15,JP_21-R68-_-y05-58885-1-I-1,Kew Gardens,tfl_21-R68-_-y05-58885_glMYlIz.xml
PK0001815:15,JP_21-R68-_-y05-58885-2-I-1,Kew Gardens,tfl_21-R68-_-y05-58885_glMYlIz.xml
PK0001815:15,JP_21-R68-_-y05-58885-3-I-1,Kew Gardens,tfl_21-R68-_-y05-58885_glMYlIz.xml
PK0001815:15,JP_21-R68-_-y05-58885-4-I-1,Kew Gardens,tfl_21-R68-_-y05-58885_glMYlIz.xml
PK0001815:15,JP_21-R68-_-y05-58885-7-I-1,Kew Gardens,tfl_21-R68-_-y05-58885_glMYlIz.xml
PK0001815:15,JP_21-R68-_-y05-58885-10-I-1,Kew Gardens,tfl_21-R68-_-y05-58885_glMYlIz.xml
PK0001815:15,JP_21-R68-_-y05-58885-11-I-1,Kew Gardens,tfl_21-R68-_-y05-58885_glMYlIz.xml
PK0001815:15,JP_21-R68-_-y05-58885-14-I-1,Kew Gardens,tfl_21-R68-_-y05-58885_glMYlIz.xml
PK0001815:15,JP_21-R68-_-y05-58885-17-I-1,Kew Gardens,tfl_21-R68-_-y05-58885_glMYlIz.xml
PK0001815:15,JP_21-R68-_-y05-58885-21-I-1,Kew Gardens,tfl_21-R68-_-y05-58885_glMYlIz.xml
PK0001815:15,JP_21-R68-_-y05-58885-22-I-1,Kew Gardens,tfl_21-R68-_-y05-58885_glMYlIz.xml
PK0001815:15,JP_21-R68-_-y05-58885-23-I-1,Kew Gardens,tfl_21-R68-_-y05-58885_glMYlIz.xml
PK0001815:15,JP_21-R68-_-y05-58885-24-I-1,Kew Gardens,tfl_21-R68-_-y05-58885_glMYlIz.xml
PK0001815:15,JP_21-R68-_-y05-58885-29-I-1,Kew Gardens,tfl_21-R68-_-y05-58885_glMYlIz.xml
PK0001815:15,JP_21-R68-_-y05-58885-30-I-1,Kew Gardens,tfl_21-R68-_-y05-58885_glMYlIz.xml
PK0001815:15,JP_21-R68-_-y05-58885-32-I-1,Kew Gardens,tfl_21-R68-_-y05-58885_glMYlIz.xml
PK0001815:15,JP_21-R68-_-y05-58885-33-I-1,Kew Gardens,tfl_21-R68-_-y05-58885_glMYlIz.xml
PK0001815:15,JP_21-R68-_-y05-58885-39-I-1,Kew Gardens,tfl_21-R68-_-y05-58885_glMYlIz.xml
PK0001815:15,JP_21-R68-_-y05-58885-40-I-1,Kew Gardens,tfl_21-R68-_-y05-58885_glMYlIz.xml
PK0001815:15,JP_21-R68-_-y05-58885-44-I-1,Kew Gardens,tfl_21-R68-_-y05-58885_glMYlIz.xml
PK0001815:15,JP_21-R68-_-y05-58885-45-I-1,Kew Gardens,tfl_21-R68-_-y05-58885_glMYlIz.xml
PK0001815:15,JP_21-R68-_-y05-58885-46-I-1,Kew Gardens,tfl_21-R68-_-y05-58885_glMYlIz.xml
PK0001815:15,JP_21-R68-_-y05-58885-48-I-1,Kew Gardens,tfl_21-R68-_-y05-58885_glMYlIz.xml
PK0001815:15,JP_21-R68-_-y05-58885-57-I-1,Kew Gardens,tfl_21-R68-_-y05-58885_glMYlIz.xml
PK0001815:15,JP_21-R68-_-y05-58885-58-I-1,Kew Gardens,tfl_21-R68-_-y05-58885_glMYlIz.xml
PK0001815:15,JP_21-R68-_-y05-58885-59-I-1,Kew Gardens,tfl_21-R68-_-y05-58885_glMYlIz.xml
PK0001815:15,JP_21-R68-_-y05-58885-60-I-1,Kew Gardens,tfl_21-R68-_-y05-58885_glMYlIz.xml
PK0001815:15,JP_21-R68-_-y05-58885-61-I-1,Kew Gardens,tfl_21-R68-_-y05-58885_glMYlIz.xml
PK0001815:15,JP_21-R68-_-y05-58885-62-I-1,Kew Gardens,tfl_21-R68-_-y05-58885_glMYlIz.xml
PK0001815:15,JP_21-R68-_-y05-58885-64-I-1,Kew Gardens,tfl_21-R68-_-y05-58885_glMYlIz.xml
PK0001815:15,JP_21-R68-_-y05-58885-65-I-1,Kew Gardens,tfl_21-R68-_-y05-58885_glMYlIz.xml
PK0001815:15,JP_21-R68-_-y05-58885-68-I-1,Kew Gardens,tfl_21-R68-_-y05-58885_glMYlIz.xml
PK0001815:15,JP_21-R68-_-y05-58885-69-I-1,Kew Gardens,tfl_21-R68-_-y05-58885_glMYlIz.xml
PK0001815:15,JP_21-R68-_-y05-58885-2-O-2,East Molesey,tfl_21-R68-_-y05-58885_glMYlIz.xml
PK0001815:15,JP_21-R68-_-y05-58885-4-O-2,East Molesey,tfl_21-R68-_-y05-58885_glMYlIz.xml
PK0001815:15,JP_21-R68-_-y05-58885-5-O-2,East Molesey,tfl_21-R68-_-y05-58885_glMYlIz.xml
PK0001815:15,JP_21-R68-_-y05-58885-6-O-2,East Molesey,tfl_21-R68-_-y05-58885_glMYlIz.xml
PK0001815:15,JP_21-R68-_-y05-58885-7-O-2,East Molesey,tfl_21-R68-_-y05-58885_glMYlIz.xml
PK0001815:15,JP_21-R68-_-y05-58885-8-O-2,East Molesey,tfl_21-R68-_-y05-58885_glMYlIz.xml
PK0001815:15,JP_21-R68-_-y05-58885-9-O-2,East Molesey,tfl_21-R68-_-y05-58885_glMYlIz.xml
PK0001815:15,JP_21-R68-_-y05-58885-10-O-2,East Molesey,tfl_21-R68-_-y05-58885_glMYlIz.xml
PK0001815:15,JP_21-R68-_-y05-58885-13-O-2,East Molesey,tfl_21-R68-_-y05-58885_glMYlIz.xml
PK0001815:15,JP_21-R68-_-y05-58885-14-O-2,East Molesey,tfl_21-R68-_-y05-58885_glMYlIz.xml
PK0001815:15,JP_21-R68-_-y05-58885-31-O-2,East Molesey,tfl_21-R68-_-y05-58885_glMYlIz.xml
PK0001815:15,JP_21-R68-_-y05-58885-32-O-2,East Molesey,tfl_21-R68-_-y05-58885_glMYlIz.xml
PK0001815:15,JP_21-R68-_-y05-58885-33-O-2,East Molesey,tfl_21-R68-_-y05-58885_glMYlIz.xml
PK0001815:15,JP_21-R68-_-y05-58885-36-O-2,East Molesey,tfl_21-R68-_-y05-58885_glMYlIz.xml
PK0001815:15,JP_21-R68-_-y05-58885-39-O-2,East Molesey,tfl_21-R68-_-y05-58885_glMYlIz.xml
PK0001815:15,JP_21-R68-_-y05-58885-40-O-2,East Molesey,tfl_21-R68-_-y05-58885_glMYlIz.xml
PK0001815:15,JP_21-R68-_-y05-58885-41-O-2,East Molesey,tfl_21-R68-_-y05-58885_glMYlIz.xml
PK0001815:15,JP_21-R68-_-y05-58885-43-O-2,East Molesey,tfl_21-R68-_-y05-58885_glMYlIz.xml
PK0001815:15,JP_21-R68-_-y05-58885-44-O-2,East Molesey,tfl_21-R68-_-y05-58885_glMYlIz.xml
PK0001815:15,JP_21-R68-_-y05-58885-45-O-2,East Molesey,tfl_21-R68-_-y05-58885_glMYlIz.xml
PK0001815:15,JP_21-R68-_-y05-58885-48-O-2,East Molesey,tfl_21-R68-_-y05-58885_glMYlIz.xml
PK0001815:15,JP_21-R68-_-y05-58885-49-O-2,East Molesey,tfl_21-R68-_-y05-58885_glMYlIz.xml
PK0001815:15,JP_21-R68-_-y05-58885-50-O-2,East Molesey,tfl_21-R68-_-y05-58885_glMYlIz.xml
PK0001815:15,JP_21-R68-_-y05-58885-51-O-2,East Molesey,tfl_21-R68-_-y05-58885_glMYlIz.xml
PK0001815:15,JP_21-R68-_-y05-58885-52-O-2,East Molesey,tfl_21-R68-_-y05-58885_glMYlIz.xml
PK0001815:15,JP_21-R68-_-y05-58885-53-O-2,East Molesey,tfl_21-R68-_-y05-58885_glMYlIz.xml
PK0001815:15,JP_21-R68-_-y05-58885-62-O-2,East Molesey,tfl_21-R68-_-y05-58885_glMYlIz.xml
PK0001815:15,JP_21-R68-_-y05-58885-63-O-2,East Molesey,tfl_21-R68-_-y05-58885_glMYlIz.xml
PK0001815:15,JP_21-R68-_-y05-58885-64-O-2,East Molesey,tfl_21-R68-_-y05-58885_glMYlIz.xml
PK0001815:15,JP_21-R68-_-y05-58885-65-O-2,East Molesey,tfl_21-R68-_-y05-58885_glMYlIz.xml
PK0001815:15,JP_21-R68-_-y05-58885-66-O-2,East Molesey,tfl_21-R68-_-y05-58885_glMYlIz.xml
PK0001815:15,JP_21-R68-_-y05-58885-67-O-2,East Molesey,tfl_21-R68-_-y05-58885_glMYlIz.xml
PK0001815:15,JP_21-R68-_-y05-58885-9-I-1,Kew Gardens,tfl_21-R68-_-y05-58885_glMYlIz.xml
PK0001815:15,JP_21-R68-_-y05-58885-13-I-1,Kew Gardens,tfl_21-R68-_-y05-58885_glMYlIz.xml
PK0001815:15,JP_21-R68-_-y05-58885-15-I-1,Kew Gardens,tfl_21-R68-_-y05-58885_glMYlIz.xml
PK0001815:15,JP_21-R68-_-y05-58885-19-I-1,Kew Gardens,tfl_21-R68-_-y05-58885_glMYlIz.xml
PK0001815:15,JP_21-R68-_-y05-58885-28-I-1,Kew Gardens,tfl_21-R68-_-y05-58885_glMYlIz.xml
PK0001815:15,JP_21-R68-_-y05-58885-36-I-1,Kew Gardens,tfl_21-R68-_-y05-58885_glMYlIz.xml
PK0001815:15,JP_21-R68-_-y05-58885-41-I-1,Kew Gardens,tfl_21-R68-_-y05-58885_glMYlIz.xml
PK0001815:15,JP_21-R68-_-y05-58885-49-I-1,Kew Gardens,tfl_21-R68-_-y05-58885_glMYlIz.xml
PK0001815:15,JP_21-R68-_-y05-58885-50-I-1,Kew Gardens,tfl_21-R68-_-y05-58885_glMYlIz.xml
PK0001815:15,JP_21-R68-_-y05-58885-51-I-1,Kew Gardens,tfl_21-R68-_-y05-58885_glMYlIz.xml
PK0001815:15,JP_21-R68-_-y05-58885-52-I-1,Kew Gardens,tfl_21-R68-_-y05-58885_glMYlIz.xml
PK0001815:15,JP_21-R68-_-y05-58885-70-I-1,Kew Gardens,tfl_21-R68-_-y05-58885_glMYlIz.xml
PK0001815:15,JP_21-R68-_-y05-58885-71-I-1,Kew Gardens,tfl_21-R68-_-y05-58885_glMYlIz.xml
PK0001815:15,JP_21-R68-_-y05-58885-72-I-1,Kew Gardens,tfl_21-R68-_-y05-58885_glMYlIz.xml
PK0001815:15,JP_21-R68-_-y05-58885-73-I-1,Kew Gardens,tfl_21-R68-_-y05-58885_glMYlIz.xml
PK0001815:15,JP_21-R68-_-y05-58885-74-I-1,Kew Gardens,tfl_21-R68-_-y05-58885_glMYlIz.xml
PK0001815:15,JP_21-R68-_-y05-58885-75-I-1,Kew Gardens,tfl_21-R68-_-y05-58885_glMYlIz.xml
PK0001815:15,JP_21-R68-_-y05-58885-76-I-1,Kew Gardens,tfl_21-R68-_-y05-58885_glMYlIz.xml
PK0001815:15,JP_21-R68-_-y05-58885-81-I-1,Kew Gardens,tfl_21-R68-_-y05-58885_glMYlIz.xml
PK0001815:15,JP_21-R68-_-y05-58885-82-I-1,Kew Gardens,tfl_21-R68-_-y05-58885_glMYlIz.xml
PK0001815:15,JP_21-R68-_-y05-58885-83-I-1,Kew Gardens,tfl_21-R68-_-y05-58885_glMYlIz.xml
PK0001815:15,JP_21-R68-_-y05-58885-84-I-1,Kew Gardens,tfl_21-R68-_-y05-58885_glMYlIz.xml
PK0001815:15,JP_21-R68-_-y05-58885-85-I-1,Kew Gardens,tfl_21-R68-_-y05-58885_glMYlIz.xml
PK0001815:15,JP_21-R68-_-y05-58885-86-I-1,Kew Gardens,tfl_21-R68-_-y05-58885_glMYlIz.xml
PK0001815:15,JP_21-R68-_-y05-58885-87-I-1,Kew Gardens,tfl_21-R68-_-y05-58885_glMYlIz.xml
PK0001815:15,JP_21-R68-_-y05-58885-88-I-1,Kew Gardens,tfl_21-R68-_-y05-58885_glMYlIz.xml
PK0001815:15,JP_21-R68-_-y05-58885-89-I-1,Kew Gardens,tfl_21-R68-_-y05-58885_glMYlIz.xml
PK0001815:15,JP_21-R68-_-y05-58885-95-I-1,Kew Gardens,tfl_21-R68-_-y05-58885_glMYlIz.xml
PK0001815:15,JP_21-R68-_-y05-58885-96-I-1,Kew Gardens,tfl_21-R68-_-y05-58885_glMYlIz.xml
PK0001815:15,JP_21-R68-_-y05-58885-97-I-1,Kew Gardens,tfl_21-R68-_-y05-58885_glMYlIz.xml
PK0001815:15,JP_21-R68-_-y05-58885-103-I-1,Kew Gardens,tfl_21-R68-_-y05-58885_glMYlIz.xml
PK0001815:15,JP_21-R68-_-y05-58885-108-I-1,Kew Gardens,tfl_21-R68-_-y05-58885_glMYlIz.xml
PK0001815:15,JP_21-R68-_-y05-58885-109-I-1,Kew Gardens,tfl_21-R68-_-y05-58885_glMYlIz.xml
PK0001815:15,JP_21-R68-_-y05-58885-11-O-2,East Molesey,tfl_21-R68-_-y05-58885_glMYlIz.xml
PK0001815:15,JP_21-R68-_-y05-58885-12-O-2,East Molesey,tfl_21-R68-_-y05-58885_glMYlIz.xml
PK0001815:15,JP_21-R68-_-y05-58885-15-O-2,East Molesey,tfl_21-R68-_-y05-58885_glMYlIz.xml
PK0001815:15,JP_21-R68-_-y05-58885-18-O-2,East Molesey,tfl_21-R68-_-y05-58885_glMYlIz.xml
PK0001815:15,JP_21-R68-_-y05-58885-21-O-2,East Molesey,tfl_21-R68-_-y05-58885_glMYlIz.xml
PK0001815:15,JP_21-R68-_-y05-58885-22-O-2,East Molesey,tfl_21-R68-_-y05-58885_glMYlIz.xml
PK0001815:15,JP_21-R68-_-y05-58885-28-O-2,East Molesey,tfl_21-R68-_-y05-58885_glMYlIz.xml
PK0001815:15,JP_21-R68-_-y05-58885-29-O-2,East Molesey,tfl_21-R68-_-y05-58885_glMYlIz.xml
PK0001815:15,JP_21-R68-_-y05-58885-30-O-2,East Molesey,tfl_21-R68-_-y05-58885_glMYlIz.xml
PK0001815:15,JP_21-R68-_-y05-58885-38-O-2,East Molesey,tfl_21-R68-_-y05-58885_glMYlIz.xml
PK0001815:15,JP_21-R68-_-y05-58885-42-O-2,East Molesey,tfl_21-R68-_-y05-58885_glMYlIz.xml
PK0001815:15,JP_21-R68-_-y05-58885-54-O-2,East Molesey,tfl_21-R68-_-y05-58885_glMYlIz.xml
PK0001815:15,JP_21-R68-_-y05-58885-56-O-2,East Molesey,tfl_21-R68-_-y05-58885_glMYlIz.xml
PK0001815:15,JP_21-R68-_-y05-58885-57-O-2,East Molesey,tfl_21-R68-_-y05-58885_glMYlIz.xml
PK0001815:15,JP_21-R68-_-y05-58885-75-O-2,East Molesey,tfl_21-R68-_-y05-58885_glMYlIz.xml
PK0001815:15,JP_21-R68-_-y05-58885-76-O-2,East Molesey,tfl_21-R68-_-y05-58885_glMYlIz.xml
PK0001815:15,JP_21-R68-_-y05-58885-77-O-2,East Molesey,tfl_21-R68-_-y05-58885_glMYlIz.xml
PK0001815:15,JP_21-R68-_-y05-58885-78-O-2,East Molesey,tfl_21-R68-_-y05-58885_glMYlIz.xml
PK0001815:15,JP_21-R68-_-y05-58885-79-O-2,East Molesey,tfl_21-R68-_-y05-58885_glMYlIz.xml
PK0001815:15,JP_21-R68-_-y05-58885-80-O-2,East Molesey,tfl_21-R68-_-y05-58885_glMYlIz.xml
PK0001815:15,JP_21-R68-_-y05-58885-81-O-2,East Molesey,tfl_21-R68-_-y05-58885_glMYlIz.xml
PK0001815:15,JP_21-R68-_-y05-58885-82-O-2,East Molesey,tfl_21-R68-_-y05-58885_glMYlIz.xml
PK0001815:15,JP_21-R68-_-y05-58885-83-O-2,East Molesey,tfl_21-R68-_-y05-58885_glMYlIz.xml
PK0001815:15,JP_21-R68-_-y05-58885-84-O-2,East Molesey,tfl_21-R68-_-y05-58885_glMYlIz.xml
PK0001815:15,JP_21-R68-_-y05-58885-85-O-2,East Molesey,tfl_21-R68-_-y05-58885_glMYlIz.xml
PK0001815:15,JP_21-R68-_-y05-58885-86-O-2,East Molesey,tfl_21-R68-_-y05-58885_glMYlIz.xml
PK0001815:15,JP_21-R68-_-y05-58885-94-O-2,East Molesey,tfl_21-R68-_-y05-58885_glMYlIz.xml
PK0001815:15,JP_21-R68-_-y05-58885-95-O-2,East Molesey,tfl_21-R68-_-y05-58885_glMYlIz.xml
PK0001815:15,JP_21-R68-_-y05-58885-96-O-2,East Molesey,tfl_21-R68-_-y05-58885_glMYlIz.xml
PK0001815:15,JP_21-R68-_-y05-58885-97-O-2,East Molesey,tfl_21-R68-_-y05-58885_glMYlIz.xml
PK0001815:15,JP_21-R68-_-y05-58885-98-O-2,East Molesey,tfl_21-R68-_-y05-58885_glMYlIz.xml
PK0001815:15,JP_21-R68-_-y05-58885-99-O-2,East Molesey,tfl_21-R68-_-y05-58885_glMYlIz.xml
PK0001815:15,JP_21-R68-_-y05-58885-100-O-2,East Molesey,tfl_21-R68-_-y05-58885_glMYlIz.xml
PK0001815:15,JP_21-R68-_-y05-58885-101-O-2,East Molesey,tfl_21-R68-_-y05-58885_glMYlIz.xml
PK0001815:15,JP_21-R68-_-y05-58885-102-O-2,East Molesey,tfl_21-R68-_-y05-58885_glMYlIz.xml
PK0001815:15,JP_21-R68-_-y05-58885-103-O-2,East Molesey,tfl_21-R68-_-y05-58885_glMYlIz.xml
PK0001815:15,JP_21-R68-_-y05-58885-104-O-2,East Molesey,tfl_21-R68-_-y05-58885_glMYlIz.xml
PK0001815:15,JP_21-R68-_-y05-58885-105-O-2,East Molesey,tfl_21-R68-_-y05-58885_glMYlIz.xml
PK0001815:15,JP_21-R68-_-y05-58885-106-O-2,East Molesey,tfl_21-R68-_-y05-58885_glMYlIz.xml
PK0001815:15,JP_21-R68-_-y05-58885-107-O-2,East Molesey,tfl_21-R68-_-y05-58885_glMYlIz.xml
PK0001816:107,JP_21-S1-_-y05-59996-1-I-1,Banstead,tfl_21-S1-_-y05-59996.xml
PK0001816:107,JP_21-S1-_-y05-59996-2-I-1,Banstead,tfl_21-S1-_-y05-59996.xml
PK0001816:107,JP_21-S1-_-y05-59996-3-I-1,Banstead,tfl_21-S1-_-y05-59996.xml
PK0001816:107,JP_21-S1-_-y05-59996-5-I-1,Banstead,tfl_21-S1-_-y05-59996.xml
PK0001816:107,JP_21-S1-_-y05-59996-7-I-1,Banstead,tfl_21-S1-_-y05-59996.xml
PK0001816:107,JP_21-S1-_-y05-59996-8-I-1,Banstead,tfl_21-S1-_-y05-59996.xml
PK0001816:107,JP_21-S1-_-y05-59996-9-I-1,Banstead,tfl_21-S1-_-y05-59996.xml
PK0001816:107,JP_21-S1-_-y05-59996-14-I-1,Banstead,tfl_21-S1-_-y05-59996.xml
PK0001816:107,JP_21-S1-_-y05-59996-16-I-1,Banstead,tfl_21-S1-_-y05-59996.xml
PK0001816:107,JP_21-S1-_-y05-59996-17-I-1,Banstead,tfl_21-S1-_-y05-59996.xml
PK0001816:107,JP_21-S1-_-y05-59996-21-I-1,Banstead,tfl_21-S1-_-y05-59996.xml
PK0001816:107,JP_21-S1-_-y05-59996-22-I-1,Banstead,tfl_21-S1-_-y05-59996.xml
PK0001816:107,JP_21-S1-_-y05-59996-27-I-1,Banstead,tfl_21-S1-_-y05-59996.xml
PK0001816:107,JP_21-S1-_-y05-59996-28-I-1,Banstead,tfl_21-S1-_-y05-59996.xml
PK0001816:107,JP_21-S1-_-y05-59996-29-I-1,Banstead,tfl_21-S1-_-y05-59996.xml
PK0001816:107,JP_21-S1-_-y05-59996-30-I-1,Banstead,tfl_21-S1-_-y05-59996.xml
PK0001816:107,JP_21-S1-_-y05-59996-31-I-1,Banstead,tfl_21-S1-_-y05-59996.xml
PK0001816:107,JP_21-S1-_-y05-59996-33-I-1,Banstead,tfl_21-S1-_-y05-59996.xml
PK0001816:107,JP_21-S1-_-y05-59996-35-I-1,Banstead,tfl_21-S1-_-y05-59996.xml
PK0001816:107,JP_21-S1-_-y05-59996-42-I-1,Banstead,tfl_21-S1-_-y05-59996.xml
PK0001816:107,JP_21-S1-_-y05-59996-43-I-1,Banstead,tfl_21-S1-_-y05-59996.xml
PK0001816:107,JP_21-S1-_-y05-59996-44-I-1,Banstead,tfl_21-S1-_-y05-59996.xml
PK0001816:107,JP_21-S1-_-y05-59996-45-I-1,Banstead,tfl_21-S1-_-y05-59996.xml
PK0001816:107,JP_21-S1-_-y05-59996-54-I-1,Banstead,tfl_21-S1-_-y05-59996.xml
PK0001816:107,JP_21-S1-_-y05-59996-59-I-1,Banstead,tfl_21-S1-_-y05-59996.xml
PK0001816:107,JP_21-S1-_-y05-59996-60-I-1,Banstead,tfl_21-S1-_-y05-59996.xml
PK0001816:107,JP_21-S1-_-y05-59996-71-I-1,Banstead,tfl_21-S1-_-y05-59996.xml
PK0001816:107,JP_21-S1-_-y05-59996-72-I-1,Banstead,tfl_21-S1-_-y05-59996.xml
PK0001816:107,JP_21-S1-_-y05-59996-6-O-2,Colliers Wood,tfl_21-S1-_-y05-59996.xml
PK0001816:107,JP_21-S1-_-y05-59996-7-O-2,Colliers Wood,tfl_21-S1-_-y05-59996.xml
PK0001816:107,JP_21-S1-_-y05-59996-8-O-2,Colliers Wood,tfl_21-S1-_-y05-59996.xml
PK0001816:107,JP_21-S1-_-y05-59996-9-O-2,Colliers Wood,tfl_21-S1-_-y05-59996.xml
PK0001816:107,JP_21-S1-_-y05-59996-12-O-2,Colliers Wood,tfl_21-S1-_-y05-59996.xml
PK0001816:107,JP_21-S1-_-y05-59996-13-O-2,Colliers Wood,tfl_21-S1-_-y05-59996.xml
PK0001816:107,JP_21-S1-_-y05-59996-14-O-2,Colliers Wood,tfl_21-S1-_-y05-59996.xml
PK0001816:107,JP_21-S1-_-y05-59996-15-O-2,Colliers Wood,tfl_21-S1-_-y05-59996.xml
PK0001816:107,JP_21-S1-_-y05-59996-17-O-2,Colliers Wood,tfl_21-S1-_-y05-59996.xml
PK0001816:107,JP_21-S1-_-y05-59996-18-O-2,Colliers Wood,tfl_21-S1-_-y05-59996.xml
PK0001816:107,JP_21-S1-_-y05-59996-20-O-2,Colliers Wood,tfl_21-S1-_-y05-59996.xml
PK0001816:107,JP_21-S1-_-y05-59996-22-O-2,Colliers Wood,tfl_21-S1-_-y05-59996.xml
PK0001816:107,JP_21-S1-_-y05-59996-36-O-2,Colliers Wood,tfl_21-S1-_-y05-59996.xml
PK0001816:107,JP_21-S1-_-y05-59996-38-O-2,Colliers Wood,tfl_21-S1-_-y05-59996.xml
PK0001816:107,JP_21-S1-_-y05-59996-40-O-2,Colliers Wood,tfl_21-S1-_-y05-59996.xml
PK0001816:107,JP_21-S1-_-y05-59996-42-O-2,Colliers Wood,tfl_21-S1-_-y05-59996.xml
PK0001816:107,JP_21-S1-_-y05-59996-43-O-2,Colliers Wood,tfl_21-S1-_-y05-59996.xml
PK0001816:107,JP_21-S1-_-y05-59996-45-O-2,Colliers Wood,tfl_21-S1-_-y05-59996.xml
PK0001816:107,JP_21-S1-_-y05-59996-47-O-2,Colliers Wood,tfl_21-S1-_-y05-59996.xml
PK0001816:107,JP_21-S1-_-y05-59996-51-O-2,Colliers Wood,tfl_21-S1-_-y05-59996.xml
PK0001816:107,JP_21-S1-_-y05-59996-52-O-2,Colliers Wood,tfl_21-S1-_-y05-59996.xml
PK0001816:107,JP_21-S1-_-y05-59996-59-O-2,Colliers Wood,tfl_21-S1-_-y05-59996.xml
PK0001816:107,JP_21-S1-_-y05-59996-60-O-2,Colliers Wood,tfl_21-S1-_-y05-59996.xml
PK0001816:107,JP_21-S1-_-y05-59996-61-O-2,Colliers Wood,tfl_21-S1-_-y05-59996.xml
PK0001816:107,JP_21-S1-_-y05-59996-68-O-2,Colliers Wood,tfl_21-S1-_-y05-59996.xml
PK0001816:107,JP_21-S1-_-y05-59996-69-O-2,Colliers Wood,tfl_21-S1-_-y05-59996.xml
PK0001816:107,JP_21-S1-_-y05-59996-71-O-2,Colliers Wood,tfl_21-S1-_-y05-59996.xml
PK0001816:107,JP_21-S1-_-y05-59996-72-O-2,Colliers Wood,tfl_21-S1-_-y05-59996.xml
PK0001816:107,JP_21-S1-_-y05-59996-73-O-2,Colliers Wood,tfl_21-S1-_-y05-59996.xml
PK0001816:107,JP_21-S1-_-y05-59996-76-O-2,Colliers Wood,tfl_21-S1-_-y05-59996.xml
PK0001816:107,JP_21-S1-_-y05-59996-77-O-2,Colliers Wood,tfl_21-S1-_-y05-59996.xml
PK0001816:107,JP_21-S1-_-y05-59996-89-O-2,Colliers Wood,tfl_21-S1-_-y05-59996.xml
PK0001816:107,JP_21-S1-_-y05-59996-93-O-2,Colliers Wood,tfl_21-S1-_-y05-59996.xml
PK0001816:107,JP_21-S1-_-y05-59996-94-O-2,Colliers Wood,tfl_21-S1-_-y05-59996.xml
PK0001816:107,JP_21-S1-_-y05-59996-98-O-2,Colliers Wood,tfl_21-S1-_-y05-59996.xml
PK0001816:107,JP_21-S1-_-y05-59996-99-O-2,Colliers Wood,tfl_21-S1-_-y05-59996.xml
PK0001816:107,JP_21-S1-_-y05-59996-100-O-2,Colliers Wood,tfl_21-S1-_-y05-59996.xml
PK0001816:107,JP_21-S1-_-y05-59996-101-O-2,Colliers Wood,tfl_21-S1-_-y05-59996.xml
PK0001816:107,JP_21-S1-_-y05-59996-6-I-1,Banstead,tfl_21-S1-_-y05-59996.xml
PK0001816:107,JP_21-S1-_-y05-59996-19-I-1,Banstead,tfl_21-S1-_-y05-59996.xml
PK0001816:107,JP_21-S1-_-y05-59996-20-I-1,Banstead,tfl_21-S1-_-y05-59996.xml
PK0001816:107,JP_21-S1-_-y05-59996-23-I-1,Banstead,tfl_21-S1-_-y05-59996.xml
PK0001816:107,JP_21-S1-_-y05-59996-24-I-1,Banstead,tfl_21-S1-_-y05-59996.xml
PK0001816:107,JP_21-S1-_-y05-59996-25-I-1,Banstead,tfl_21-S1-_-y05-59996.xml
PK0001816:107,JP_21-S1-_-y05-59996-26-I-1,Banstead,tfl_21-S1-_-y05-59996.xml
PK0001816:107,JP_21-S1-_-y05-59996-36-I-1,Banstead,tfl_21-S1-_-y05-59996.xml
PK0001816:107,JP_21-S1-_-y05-59996-37-I-1,Banstead,tfl_21-S1-_-y05-59996.xml
PK0001816:107,JP_21-S1-_-y05-59996-38-I-1,Banstead,tfl_21-S1-_-y05-59996.xml
PK0001816:107,JP_21-S1-_-y05-59996-39-I-1,Banstead,tfl_21-S1-_-y05-59996.xml
PK0001816:107,JP_21-S1-_-y05-59996-40-I-1,Banstead,tfl_21-S1-_-y05-59996.xml
PK0001816:107,JP_21-S1-_-y05-59996-41-I-1,Banstead,tfl_21-S1-_-y05-59996.xml
PK0001816:107,JP_21-S1-_-y05-59996-46-I-1,Banstead,tfl_21-S1-_-y05-59996.xml
PK0001816:107,JP_21-S1-_-y05-59996-47-I-1,Banstead,tfl_21-S1-_-y05-59996.xml
PK0001816:107,JP_21-S1-_-y05-59996-48-I-1,Banstead,tfl_21-S1-_-y05-59996.xml
PK0001816:107,JP_21-S1-_-y05-59996-10-O-2,Colliers Wood,tfl_21-S1-_-y05-59996.xml
PK0001816:107,JP_21-S1-_-y05-59996-11-O-2,Colliers Wood,tfl_21-S1-_-y05-59996.xml
PK0001816:107,JP_21-S1-_-y05-59996-16-O-2,Colliers Wood,tfl_21-S1-_-y05-59996.xml
PK0001816:107,JP_21-S1-_-y05-59996-19-O-2,Colliers Wood,tfl_21-S1-_-y05-59996.xml
PK0001816:107,JP_21-S1-_-y05-59996-21-O-2,Colliers Wood,tfl_21-S1-_-y05-59996.xml
PK0001816:107,JP_21-S1-_-y05-59996-23-O-2,Colliers Wood,tfl_21-S1-_-y05-59996.xml
PK0001816:107,JP_21-S1-_-y05-59996-30-O-2,Colliers Wood,tfl_21-S1-_-y05-59996.xml
PK0001816:107,JP_21-S1-_-y05-59996-31-O-2,Colliers Wood,tfl_21-S1-_-y05-59996.xml
PK0001816:107,JP_21-S1-_-y05-59996-37-O-2,Colliers Wood,tfl_21-S1-_-y05-59996.xml
PK0001816:107,JP_21-S1-_-y05-59996-39-O-2,Colliers Wood,tfl_21-S1-_-y05-59996.xml
PK0001816:107,JP_21-S1-_-y05-59996-41-O-2,Colliers Wood,tfl_21-S1-_-y05-59996.xml
PK0001816:107,JP_21-S1-_-y05-59996-44-O-2,Colliers Wood,tfl_21-S1-_-y05-59996.xml
PK0001816:107,JP_21-S1-_-y05-59996-46-O-2,Colliers Wood,tfl_21-S1-_-y05-59996.xml
PK0001816:107,JP_21-S1-_-y05-59996-48-O-2,Colliers Wood,tfl_21-S1-_-y05-59996.xml
PK0001816:107,JP_21-S1-_-y05-59996-50-O-2,Colliers Wood,tfl_21-S1-_-y05-59996.xml
PK0001816:107,JP_21-S1-_-y05-59996-54-O-2,Colliers Wood,tfl_21-S1-_-y05-59996.xml
PK0001816:107,JP_21-S1-_-y05-59996-57-O-2,Colliers Wood,tfl_21-S1-_-y05-59996.xml
PK0001816:107,JP_21-S1-_-y05-59996-58-O-2,Colliers Wood,tfl_21-S1-_-y05-59996.xml
PK0001816:107,JP_21-S1-_-y05-59996-62-O-2,Colliers Wood,tfl_21-S1-_-y05-59996.xml
PK0001816:107,JP_21-S1-_-y05-59996-63-O-2,Colliers Wood,tfl_21-S1-_-y05-59996.xml
PK0001816:107,JP_21-S1-_-y05-59996-64-O-2,Colliers Wood,tfl_21-S1-_-y05-59996.xml
PK0001816:107,JP_21-S1-_-y05-59996-65-O-2,Colliers Wood,tfl_21-S1-_-y05-59996.xml
PK0001816:107,JP_21-S1-_-y05-59996-4-I-1,Banstead,tfl_21-S1-_-y05-59996.xml
PK0001816:107,JP_21-S1-_-y05-59996-10-I-1,Banstead,tfl_21-S1-_-y05-59996.xml
PK0001816:107,JP_21-S1-_-y05-59996-11-I-1,Banstead,tfl_21-S1-_-y05-59996.xml
PK0001816:107,JP_21-S1-_-y05-59996-12-I-1,Banstead,tfl_21-S1-_-y05-59996.xml
PK0001816:107,JP_21-S1-_-y05-59996-13-I-1,Banstead,tfl_21-S1-_-y05-59996.xml
PK0001816:107,JP_21-S1-_-y05-59996-15-I-1,Banstead,tfl_21-S1-_-y05-59996.xml
PK0001816:107,JP_21-S1-_-y05-59996-18-I-1,Banstead,tfl_21-S1-_-y05-59996.xml
PK0001816:107,JP_21-S1-_-y05-59996-32-I-1,Banstead,tfl_21-S1-_-y05-59996.xml
PK0001816:107,JP_21-S1-_-y05-59996-34-I-1,Banstead,tfl_21-S1-_-y05-59996.xml
PK0001816:107,JP_21-S1-_-y05-59996-49-I-1,Banstead,tfl_21-S1-_-y05-59996.xml
PK0001816:107,JP_21-S1-_-y05-59996-50-I-1,Banstead,tfl_21-S1-_-y05-59996.xml
PK0001816:107,JP_21-S1-_-y05-59996-51-I-1,Banstead,tfl_21-S1-_-y05-59996.xml
PK0001816:107,JP_21-S1-_-y05-59996-52-I-1,Banstead,tfl_21-S1-_-y05-59996.xml
PK0001816:107,JP_21-S1-_-y05-59996-53-I-1,Banstead,tfl_21-S1-_-y05-59996.xml
PK0001816:107,JP_21-S1-_-y05-59996-55-I-1,Banstead,tfl_21-S1-_-y05-59996.xml
PK0001816:107,JP_21-S1-_-y05-59996-56-I-1,Banstead,tfl_21-S1-_-y05-59996.xml
PK0001816:107,JP_21-S1-_-y05-59996-57-I-1,Banstead,tfl_21-S1-_-y05-59996.xml
PK0001816:107,JP_21-S1-_-y05-59996-58-I-1,Banstead,tfl_21-S1-_-y05-59996.xml
PK0001816:107,JP_21-S1-_-y05-59996-61-I-1,Banstead,tfl_21-S1-_-y05-59996.xml
PK0001816:107,JP_21-S1-_-y05-59996-62-I-1,Banstead,tfl_21-S1-_-y05-59996.xml
PK0001816:107,JP_21-S1-_-y05-59996-63-I-1,Banstead,tfl_21-S1-_-y05-59996.xml
PK0001816:107,JP_21-S1-_-y05-59996-64-I-1,Banstead,tfl_21-S1-_-y05-59996.xml
PK0001816:107,JP_21-S1-_-y05-59996-65-I-1,Banstead,tfl_21-S1-_-y05-59996.xml
PK0001816:107,JP_21-S1-_-y05-59996-66-I-1,Banstead,tfl_21-S1-_-y05-59996.xml
PK0001816:107,JP_21-S1-_-y05-59996-67-I-1,Banstead,tfl_21-S1-_-y05-59996.xml
PK0001816:107,JP_21-S1-_-y05-59996-68-I-1,Banstead,tfl_21-S1-_-y05-59996.xml
PK0001816:107,JP_21-S1-_-y05-59996-69-I-1,Banstead,tfl_21-S1-_-y05-59996.xml
PK0001816:107,JP_21-S1-_-y05-59996-70-I-1,Banstead,tfl_21-S1-_-y05-59996.xml
PK0001816:107,JP_21-S1-_-y05-59996-73-I-1,Banstead,tfl_21-S1-_-y05-59996.xml
PK0001816:107,JP_21-S1-_-y05-59996-74-I-1,Banstead,tfl_21-S1-_-y05-59996.xml
PK0001816:107,JP_21-S1-_-y05-59996-75-I-1,Banstead,tfl_21-S1-_-y05-59996.xml
PK0001816:107,JP_21-S1-_-y05-59996-76-I-1,Banstead,tfl_21-S1-_-y05-59996.xml
PK0001816:107,JP_21-S1-_-y05-59996-1-O-2,Colliers Wood,tfl_21-S1-_-y05-59996.xml
PK0001816:107,JP_21-S1-_-y05-59996-2-O-2,Colliers Wood,tfl_21-S1-_-y05-59996.xml
PK0001816:107,JP_21-S1-_-y05-59996-3-O-2,Colliers Wood,tfl_21-S1-_-y05-59996.xml
PK0001816:107,JP_21-S1-_-y05-59996-4-O-2,Colliers Wood,tfl_21-S1-_-y05-59996.xml
PK0001816:107,JP_21-S1-_-y05-59996-5-O-2,Colliers Wood,tfl_21-S1-_-y05-59996.xml
PK0001816:107,JP_21-S1-_-y05-59996-24-O-2,Colliers Wood,tfl_21-S1-_-y05-59996.xml
PK0001816:107,JP_21-S1-_-y05-59996-25-O-2,Colliers Wood,tfl_21-S1-_-y05-59996.xml
PK0001816:107,JP_21-S1-_-y05-59996-26-O-2,Colliers Wood,tfl_21-S1-_-y05-59996.xml
PK0001816:107,JP_21-S1-_-y05-59996-27-O-2,Colliers Wood,tfl_21-S1-_-y05-59996.xml
PK0001816:107,JP_21-S1-_-y05-59996-28-O-2,Colliers Wood,tfl_21-S1-_-y05-59996.xml
PK0001816:107,JP_21-S1-_-y05-59996-29-O-2,Colliers Wood,tfl_21-S1-_-y05-59996.xml
PK0001816:107,JP_21-S1-_-y05-59996-32-O-2,Colliers Wood,tfl_21-S1-_-y05-59996.xml
PK0001816:107,JP_21-S1-_-y05-59996-33-O-2,Colliers Wood,tfl_21-S1-_-y05-59996.xml
PK0001816:107,JP_21-S1-_-y05-59996-34-O-2,Colliers Wood,tfl_21-S1-_-y05-59996.xml
PK0001816:107,JP_21-S1-_-y05-59996-35-O-2,Colliers Wood,tfl_21-S1-_-y05-59996.xml
PK0001816:107,JP_21-S1-_-y05-59996-49-O-2,Colliers Wood,tfl_21-S1-_-y05-59996.xml
PK0001816:107,JP_21-S1-_-y05-59996-53-O-2,Colliers Wood,tfl_21-S1-_-y05-59996.xml
PK0001816:107,JP_21-S1-_-y05-59996-55-O-2,Colliers Wood,tfl_21-S1-_-y05-59996.xml
PK0001816:107,JP_21-S1-_-y05-59996-56-O-2,Colliers Wood,tfl_21-S1-_-y05-59996.xml
PK0001816:107,JP_21-S1-_-y05-59996-66-O-2,Colliers Wood,tfl_21-S1-_-y05-59996.xml
PK0001816:107,JP_21-S1-_-y05-59996-67-O-2,Colliers Wood,tfl_21-S1-_-y05-59996.xml
PK0001816:107,JP_21-S1-_-y05-59996-70-O-2,Colliers Wood,tfl_21-S1-_-y05-59996.xml
PK0001816:107,JP_21-S1-_-y05-59996-74-O-2,Colliers Wood,tfl_21-S1-_-y05-59996.xml
PK0001816:107,JP_21-S1-_-y05-59996-75-O-2,Colliers Wood,tfl_21-S1-_-y05-59996.xml
PK0001816:107,JP_21-S1-_-y05-59996-78-O-2,Colliers Wood,tfl_21-S1-_-y05-59996.xml
PK0001816:107,JP_21-S1-_-y05-59996-79-O-2,Colliers Wood,tfl_21-S1-_-y05-59996.xml
PK0001816:107,JP_21-S1-_-y05-59996-80-O-2,Colliers Wood,tfl_21-S1-_-y05-59996.xml
PK0001816:107,JP_21-S1-_-y05-59996-81-O-2,Colliers Wood,tfl_21-S1-_-y05-59996.xml
PK0001816:107,JP_21-S1-_-y05-59996-82-O-2,Colliers Wood,tfl_21-S1-_-y05-59996.xml
PK0001816:107,JP_21-S1-_-y05-59996-83-O-2,Colliers Wood,tfl_21-S1-_-y05-59996.xml
PK0001816:107,JP_21-S1-_-y05-59996-84-O-2,Colliers Wood,tfl_21-S1-_-y05-59996.xml
PK0001816:107,JP_21-S1-_-y05-59996-85-O-2,Colliers Wood,tfl_21-S1-_-y05-59996.xml
PK0001816:107,JP_21-S1-_-y05-59996-86-O-2,Colliers Wood,tfl_21-S1-_-y05-59996.xml
PK0001816:107,JP_21-S1-_-y05-59996-87-O-2,Colliers Wood,tfl_21-S1-_-y05-59996.xml
PK0001816:107,JP_21-S1-_-y05-59996-88-O-2,Colliers Wood,tfl_21-S1-_-y05-59996.xml
PK0001816:107,JP_21-S1-_-y05-59996-90-O-2,Colliers Wood,tfl_21-S1-_-y05-59996.xml
PK0001816:107,JP_21-S1-_-y05-59996-91-O-2,Colliers Wood,tfl_21-S1-_-y05-59996.xml
PK0001816:107,JP_21-S1-_-y05-59996-92-O-2,Colliers Wood,tfl_21-S1-_-y05-59996.xml
PK0001816:107,JP_21-S1-_-y05-59996-95-O-2,Colliers Wood,tfl_21-S1-_-y05-59996.xml
PK0001816:107,JP_21-S1-_-y05-59996-96-O-2,Colliers Wood,tfl_21-S1-_-y05-59996.xml
PK0001816:107,JP_21-S1-_-y05-59996-97-O-2,Colliers Wood,tfl_21-S1-_-y05-59996.xml
